template,n_images,n_train,n_test
0-days-without-lenny-simpsons,129,103,26
10-guy,204,163,41
1950s-middle-finger,128,102,26
1984_calendar,16,13,3
1990s-first-world-problems,127,102,25
1st-world-canadian-problems,69,55,14
20-minute-adventure-rick-morty,117,94,23
23-wolves-laugh,220,176,44
2_gay_black_mens_kissing,16,13,3
2nd-term-obama,126,101,25
3rd-place-celebration,100,80,20
4_headed_dragon,15,12,3
4_spiderman_pointing_at_each_other,16,13,3
7-tier-expanding-brain,126,101,25
a-ustedes-les-pagan,149,119,30
a_center_for_ants,11,9,2
a_wizard_is_never_late,16,13,3
aaaaand-its-gone,128,102,26
abbacchio-joins-in-the-fun,87,70,17
abe_simpson_telling_stories,16,13,3
absolute_cinema,10,8,2
achievement-unlocked,128,102,26
actual-advice-mallard,128,102,26
addicts_before_and_after,16,13,3
adios,113,90,23
admiral-ackbar-relationship-expert,127,102,25
adolf-hitler,123,98,25
advice-dog,123,98,25
advice-yoda,128,102,26
advice_god,16,13,3
advice_peeta,16,13,3
afraid-to-ask-andy,163,130,33
afraid_to_ask_andy_closeup,16,13,3
ah-shit-here-we-go-again,229,183,46
aint-nobody-got-time-for-that,127,102,25
alan_greenspan,12,10,2
alarm-clock,70,56,14
albert-einstein-1,111,89,22
albert-einstein-quotes,64,51,13
alien-meeting-suggestion,113,90,23
alignment-chart,125,100,25
all-my-homies-hate,143,114,29
all_right_then_keep_your_secrets,16,13,3
all_your_base,16,13,3
allow-us-to-introduce-ourselves,112,90,22
alright-gentlemen-we-need-a-new-idea,128,102,26
always-has-been,262,209,53
always-you-three,127,102,25
am-i-a-joke-to-you,129,103,26
am-i-the-only-one-around-here,128,102,26
amateurs,113,90,23
american-chopper-argument,126,101,25
american_flag,16,13,3
anakin-and-obi-wan,74,59,15
anakin-and-padme,382,305,77
anakin-kills-younglings,33,26,7
ancient-aliens,128,102,26
and-everybody-loses-their-minds,128,102,26
and-i-took-that-personally,126,101,25
and-just-like-that,128,102,26
and-thats-a-fact,113,90,23
and-then-he-said,179,143,36
and_the_points_dont_matter,16,13,3
and_then_i_said_obama,16,13,3
andy_dropping_woody,10,8,2
angela-scared-dwight,80,64,16
angry-baby,126,101,25
angry-birds-pig,51,41,10
angry-chef-gordon-ramsay,125,100,25
angry-chihuahua-happy-chihuahua,64,51,13
angry-flower,217,173,44
angry-homer-simpson-in-bed,110,88,22
angry-npc-wojak,77,62,15
angry-toddler,128,102,26
angry_asian,16,13,3
angry_bride,16,13,3
angry_chicken_boss,16,13,3
angry_dog_meme,16,13,3
angry_dumbledore,16,13,3
angry_koala,16,13,3
angry_man_pointing_at_hand,16,13,3
angry_pingu,16,13,3
angry_tom_reading_book,16,13,3
angry_turkish_man_playing_cards_meme,16,13,3
anime-boy-running,87,70,17
anime-butterfly-meme,662,529,133
anime-girl-hiding-from-terminator,128,102,26
anime_girl_buying,16,13,3
annoyed-bird,139,111,28
annoyed_face,16,13,3
annoying-childhood-friend,54,43,11
annoying-facebook-girl,113,90,23
anthony-adams-rubbing-hands,273,218,55
anti-joke-chicken,126,101,25
apes_together_strong,12,10,2
apu_takes_bullet,15,12,3
aragorn_black_gate_for_frodo,16,13,3
archer,66,53,13
are-you-two-friends,93,74,19
are_they_in_the_room_with_us_right_now,15,12,3
are_we_the_baddies,9,7,2
are_ya_winning_son,23,18,5
are_your_parents_brother_and_sister,9,7,2
army-clown,47,38,9
arrogant_rich_man,16,13,3
art_student_owl,16,13,3
arthur-fist,129,103,26
assassination-chain,233,186,47
asshole_ref,13,10,3
at_home,16,13,3
atlas-holding-earth,49,39,10
austin-powers-honestly,127,102,25
avatar-guy,128,102,26
avengers_assemble,16,13,3
average-blank-fan-vs-average-blank-enjoyer,113,90,23
average_fan_vs_average_enjoyer,16,13,3
aw_yeah_rage_face,16,13,3
awkward-moment-sealion,127,102,25
awkward-smiling-old-man,91,73,18
aww_did_someone_get_addicted_to_crack,7,6,1
aye_i_could_do_that_blank,16,13,3
babe-please,52,42,10
babushkas-on-facebook,55,44,11
baby-boss-relaxed-smug-content,63,50,13
baby-cry,59,47,12
baby-crying,127,102,25
baby-godfather,129,103,26
baby-insanity-wolf,127,102,25
baby-yeet,89,71,18
back-in-my-day,129,103,26
bad-advice-cat,126,101,25
bad-joke-eel,127,102,25
bad-luck-bear,125,100,25
bad-luck-hannah,86,69,17
bad-pun-dog,126,101,25
bad_pun_anna_kendrick,16,13,3
bad_wife_worse_mom,16,13,3
badass-skeleton,83,66,17
bah_humbug,16,13,3
bald-indian-guy,213,170,43
bane_and_bruce,12,10,2
banned-from-roblox,111,89,22
barack_and_kumar,10,8,2
barbie-vs-oppenheimer,108,86,22
barbosa-and-sparrow,126,101,25
barney_stinson_win,16,13,3
bart-hitting-homer-with-a-chair,128,102,26
bart-simpson-chalkboard,109,87,22
bart_simpson_peeking,16,13,3
bas_karo_bhai,12,10,2
bathroom,16,13,3
batman-and-superman,125,100,25
batman-signal,125,100,25
batman-slapping-robin,127,102,25
batman-smiles,125,100,25
bazooka-squirrel,127,102,25
be-like-bill,129,103,26
bear-grylls,129,103,26
beard-baby,117,94,23
beavis-butthead,48,38,10
because-race-car,127,102,25
beggar,37,30,7
ben-affleck-smoking,54,43,11
bender,46,37,9
bernie-sanders-once-again-asking,342,273,69
bestbetter-blurst,127,102,25
beyonce_knowles_superbowl_face,14,11,3
beyonce_superbowl_yell,16,13,3
big-bird-and-snuffy,68,54,14
big-book-small-book,128,102,26
big-brain-wojak,75,60,15
big-ego-man,54,43,11
big_bird,16,13,3
big_bird_and_mitt_romney,16,13,3
bike-fall,129,103,26
bilbo-why-shouldnt-i-keep-it,213,170,43
bill-murray-golf,119,95,24
bill-murray-groundhog-day,49,39,10
bill-nye-the-science-guy,124,99,25
bill-oreilly,58,46,12
billboard_blank,16,13,3
billy-what-have-you-done,128,102,26
bird-box,129,103,26
bird_cracker,13,10,3
black-girl-wat,128,102,26
black-guy-crying-and-black-guy-laughing,212,169,43
black-guy-stopping,212,169,43
black-woman-squinting,53,42,11
black_background,16,13,3
black_box_meme,16,13,3
black_panther___get_this_man_a_shield,16,13,3
blak_homeless_sign,16,13,3
blank,16,13,3
blank-bingo,61,49,12
blank-for-president,45,36,9
blank-kermit-waiting,119,95,24
blank-nut-button,181,145,36
blank-pokemon-card,126,101,25
blank-protest-sign,127,102,25
blank-red-maga-hat,139,111,28
blank-starter-pack,125,100,25
blank-tombstone,206,165,41
blank-trophy,80,64,16
blank-wild-pokemon-appears,89,71,18
blank_comic_panel_1x2,16,13,3
blank_comic_panel_2x1,16,13,3
blank_comic_panel_2x2,16,13,3
blank_meme_template,16,13,3
blank_t_shirt,16,13,3
blank_transparent_square,16,13,3
blank_white_template,16,13,3
blank_yellow_sign,16,13,3
blankie_the_shocked_dog,16,13,3
blinking-guy,113,90,23
blinking_guy_vertical_blank,16,13,3
blue_futurama_fry,16,13,3
blue_grinch,16,13,3
boardroom-meeting-suggestion,145,116,29
bob-ross-meme,57,46,11
bonjour,113,90,23
bonobo-lyfe,73,58,15
booty_warrior,15,12,3
borat,16,13,3
borat-i-go-to-america,67,54,13
borat_2_tonight_queen,13,10,3
bored_of_this_crap,16,13,3
born_died_welcome_back,14,11,3
both-buttons-pressed,152,121,31
boy-and-girl-texting,92,74,18
brace-yourself,257,205,52
brace_yourselves_x_is_coming,16,13,3
braveheart-freedom,53,42,11
breaking-bad-smile-frown,232,185,47
brian-griffin,50,40,10
brian-williams-was-there,321,257,64
brian_burke_on_the_phone,10,8,2
britney_spears,11,9,2
bro-explaining,52,42,10
bro_please_bro,16,13,3
brokeback_mountain,16,13,3
brooklyn-99-set-the-bar-too-low,70,56,14
bubba-and-barack,39,31,8
buddy-christ,129,103,26
buddy-the-elf-excited,104,83,21
buff_doge_vs_crying_cheems,19,15,4
bugs-bunny-comunista,307,245,62
bugs-bunny-king,55,44,11
bugs-bunny-no,125,100,25
business-cat,128,102,26
business_handshake,13,10,3
but-it-was-me-dio,126,101,25
but-not-because-im-black,80,64,16
butthurt_dweller,16,13,3
buzz-lightyear-clones,128,102,26
bycicle,12,10,2
c01_grumpy_cat_base_reverse,246,197,49
cabin-the-the-woods,68,54,14
call-an-ambulance-but-not-for-me,126,101,25
calling_the_police,16,13,3
calvin-peeing,52,42,10
can-i-offer-you-an-egg-in-these-trying-times,54,43,11
capitalist-and-communist,129,103,26
captain-america-elevator-fight,240,192,48
captain-america-so-you,56,45,11
captain-hindsight,129,103,26
captain-picard-facepalm,127,102,25
captain_planet_with_everybody,15,12,3
car-salesman-slaps-hood,124,99,25
car-salesman-slaps-roof-of-car,127,102,25
carefully_hes_a_hero,16,13,3
cashwag-crew,53,42,11
cast-it-into-the-fire,82,66,16
castaway-fire,126,101,25
cat-likes-their-waffle,65,52,13
cat-newspaper,179,143,36
cat_looks_inside,16,13,3
ceiling-cat,128,102,26
cereal-guy,141,113,28
cereal-guy-spitting,126,101,25
cereal_guys_daddy,16,13,3
chad_we_know,16,13,3
chainsaw_bear,16,13,3
challenge-accepted-rage-face,129,103,26
chavez,16,13,3
cheems,100,80,20
chef-gordon-ramsay,127,102,25
chemistry_cat,16,13,3
children-scared-of-rabbit,252,201,51
chill-out-lemur,124,99,25
chocolate-gorilla,113,90,23
chocolate_spongebob,16,13,3
chris-farley-for-the-love-of-god,110,88,22
chuck-norris,125,100,25
chuck-norris-finger,127,102,25
chuck-norris-flex,129,103,26
chuck-norris-guns,126,101,25
chuck-norris-laughing,91,73,18
chuck_norris_approves,16,13,3
chuck_norris_phone,16,13,3
chuck_norris_with_guns,16,13,3
city_bear,16,13,3
clippy,16,13,3
clown-computer,77,62,15
clown-makeup,154,123,31
cmon-do-something,130,104,26
cnn-breaking-news-template,128,102,26
cnn-wolf-of-fake-news-fanfiction,50,40,10
cnn_breaking_news_anderson_cooper,21,17,4
college-freshman,109,87,22
college-liberal,127,102,25
comic-book-guy,128,102,26
communist_cat,16,13,3
community-fire-pizza-meme,128,102,26
comparison-table,77,62,15
computer-guy-facepalm,128,102,26
computer-nerd,223,178,45
computer_guy,16,13,3
condescending-goku,108,86,22
confession-bear,127,102,25
confession-kid,126,101,25
confucius-says,123,98,25
confused-gandalf,129,103,26
confused-lebowski,124,99,25
confused-mel-gibson,61,49,12
confused-unga-bunga,91,73,18
confused_travolta,16,13,3
congratulations_you_are_being_rescued_please_do_not_resist,16,13,3
conspiracy-keanu,128,102,26
consuela,110,88,22
contradictory_chris,14,11,3
cool-cat-stroll,129,103,26
cool_obama,16,13,3
corona,113,90,23
courage-wolf,127,102,25
crazy_dawg,16,13,3
crazy_girlfriend_praying_mantis,15,12,3
creepy-condescending-wonka,250,200,50
criana,16,13,3
cross-eyed-spongebob,123,98,25
crosseyed-goku,54,43,11
crying-because-of-cute,100,80,20
crying-cat,129,103,26
crying-michael-jordan,129,103,26
crying-peter-parker,125,100,25
crying-wojak-vs-chad,165,132,33
crying_kid_with_gun,16,13,3
csi,41,33,8
curley,14,11,3
cute_cat,16,13,3
cute_cat_hehe_and_not_hehe,16,13,3
dabbing-dude,102,82,20
dad-joke-dog,111,89,22
dad_belt_template,16,13,3
dafuq-did-i-just-read,66,53,13
dallas-cowboys,72,58,14
damn-got-hands,93,74,19
damn_i_kinda_dont_meme,16,13,3
dancing_trollmom,16,13,3
daring-today-arent-we-squidward,125,100,25
darth-maul,67,54,13
darth-vader,125,100,25
darth-vader-come-to-the-dark-side,85,68,17
darth_vader_where_is_padme,8,6,2
darti-boy,129,103,26
dat-boi,126,101,25
dating-site-murderer,126,101,25
days_since_last_accident,15,12,3
dbz-fusion,63,50,13
dead-baby-voldemort-what-happened-to-him,129,103,26
deadpool-surprised,116,93,23
death-battle,111,89,22
death-knocking-at-the-door,256,205,51
debo,34,27,7
deep-thoughts,127,102,25
dekh_raha_hai_na_binod,12,10,2
depends-on-the-context,171,137,34
depressed-cat,129,103,26
depression_dog,16,13,3
derp,63,50,13
derpina,8,6,2
determined_guy_rage_face,11,9,2
dexter,16,13,3
diary_of_a_wimpy_kid_cover_template,16,13,3
dick_cheney,15,12,3
did-you-mean,127,102,25
dinkleberg,112,90,22
dinosaur,15,12,3
disappearing,32,26,6
disappointed-tyson,56,45,11
disappointed_black_guy,16,13,3
disaster-girl,222,177,45
disloyal-boyfriend,191,153,38
distracted-girlfriend,62,50,12
dj-khaled-suffering-from-success-meme,119,95,24
dj-pauly-d,128,102,26
do_you_wanna_build_a_snowman,16,13,3
dog-vs-werewolf,129,103,26
doge,237,189,48
doge-bonk,137,109,28
dolph_ziggler_sells,16,13,3
domino-effect,129,103,26
donald-trump,240,192,48
donald-trump-approves,129,103,26
donald-trump-mugshot,104,83,21
donald_trump_birthday,16,13,3
dont-make-me-tap-the-sign,87,70,17
doof-if-i-had-a-nickel,129,103,26
doomguy,109,87,22
double-d-facts-book,112,90,22
double_long_black_template,16,13,3
doug,13,10,3
downcast_dark_souls,15,12,3
downvoting_roman,16,13,3
dr-evil,92,74,18
dr-evil-air-quotes,86,69,17
dr-evil-and-frau-yelling,35,28,7
dr-evil-laser,113,90,23
dr-evil-pinky,82,66,16
dragon_ball_opening,7,6,1
drake_hotline_bling_normal,690,552,138
drake_meme_3_panels,16,13,3
drooling_brainless_idiot,10,8,2
drowning-kid-in-the-pool,128,102,26
duck_face,15,12,3
duck_face_chicks,16,13,3
dumb-blonde,126,101,25
dumpster-fire,84,67,17
dw-sign-wont-stop-me-because-i-cant-read,126,101,25
dwight-schrute,143,114,29
edna_mode_no_capes,9,7,2
efrain-juarez,52,42,10
eighties-teen,122,98,24
elmo-cocaine,126,101,25
elmo-fire,128,102,26
elmo-nuclear-explosion,128,102,26
elon-musk-blank-tweet,127,102,25
elon-musk-smoking-a-joint,90,72,18
eminem,57,46,11
empty_red_and_black,13,10,3
engineering-professor,81,65,16
epic-handshake-three-way,71,57,14
eric-andre-let-me-in-meme,200,160,40
ermahgerd-berks,128,102,26
ermahgerd-beyonce,125,100,25
error,16,13,3
es-de-mi-agrado-informarles,228,182,46
even_harder,10,8,2
every_day_i_wake_up,15,12,3
everywhere-i-go-i-see-his-face,128,102,26
evil-baby,126,101,25
evil-cows,128,102,26
evil-kermit,232,185,47
evil-otter,43,34,9
evil-plotting-raccoon,127,102,25
evil-toddler,127,102,25
ew-i-stepped-in-shit,129,103,26
excited-cat,129,103,26
excited-minions,129,103,26
expanding-brain,156,125,31
expanding-brain-3-panels,127,102,25
expanding-brain-5-panel,128,102,26
expectation_vs_reality,16,13,3
eye-of-sauron,125,100,25
fabulous_frank_and_his_snake,11,9,2
facepalm_bear,16,13,3
fake_search,10,8,2
falling_building_held_up_with_sticks,16,13,3
family-guy-peter,52,42,10
family_guy_brian,16,13,3
family_guy_louis_pills,16,13,3
family_tech_support_guy,9,7,2
farquaad-pointing,80,64,16
fast_and_furious_7_final_scene,10,8,2
fastest-thing-possible,126,101,25
fat-cat,93,74,19
fat-guy-eating-burger,111,89,22
fat-val-kilmer,62,50,12
fat_man_drinking_from_pipe,24,19,5
father-ted,63,50,13
fear_and_loathing_cat,16,13,3
feel_like_pure_shit,15,12,3
feels-good-man,96,77,19
felix_baumgartner_lulz,8,6,2
fernanfloo-dresses-up,137,109,28
fffffffuuuuuuuuuuuu,95,76,19
fifa_e_call_of_duty,16,13,3
fim_de_semana,13,10,3
finally-a-worthy-opponent,128,102,26
finally-inner-peace,129,103,26
finally_black_scientist,170,136,34
finding-neverland,216,173,43
finn-the-human,82,66,16
first-day-on-the-internet-kid,129,103,26
first-time,168,134,34
first-world-problems,129,103,26
first-world-problems-cat,127,102,25
first-world-stoner-problems,128,102,26
first_rule_of_the_fight_club,16,13,3
flex-tape,153,122,31
floating-boy-chasing-running-boy,127,102,25
flooding-thumbs-up,77,62,15
foal_of_mine,16,13,3
for-christmas-i-want-a-dragon,127,102,25
for-dummies-book,230,184,46
forever-alone-christmas,69,55,14
forever-alone-happy,72,58,14
forever_alone,16,13,3
foul-bachelorette-frog,65,52,13
foul_bachelor_frog,16,13,3
four-horsemen,108,86,22
free,16,13,3
friend-zone-fiona,74,59,15
friendship-ended-with-x-now-y-is-my-best-friend,173,138,35
frowning-nun,107,86,21
frustrated-boromir,128,102,26
frustrating_mom,16,13,3
fun-facts-with-squidward,129,103,26
furry-hunting-license,106,85,21
futurama-leela,52,42,10
futurama_zero_days_since_last_blank,9,7,2
futurama_zoidberg,16,13,3
fuze-elbow-dropping-a-hostage,185,148,37
gaga_baby,10,8,2
galaxy-brain-3-brains,101,81,20
galaxy_brain,16,13,3
gandalf-you-shall-not-pass,96,77,19
gandhi,42,34,8
gangnam_style2,7,6,1
gangnam_style_psy,16,13,3
gangster_baby,16,13,3
gasp-rage-face,103,82,21
gay_unicorn,16,13,3
genie_rules_meme,16,13,3
geordi-drake,72,58,14
george-bush,75,60,15
george-washington,102,82,20
get-in-loser,72,58,14
get_better_material_meme,16,13,3
ghetto-jesus,129,103,26
giant-vs-man,262,209,53
giant_thumb_guy,18,14,4
gibby-hitting-spencer-with-a-stop-sign,55,44,11
giga-chad,127,102,25
gigachad,16,13,3
girl-putting-tuba-on-girls-head,48,38,10
girl-running,142,113,29
girls-whispering,101,81,20
girls_when,16,13,3
girlspaining,14,11,3
give_me,11,9,2
gladiator,16,13,3
gladys_falcon,8,6,2
go_fund_me,8,6,2
god,108,86,22
godfather,58,46,12
going_to_need_a_bigger_boat,16,13,3
goku_staring,16,13,3
gollum,112,90,22
gondor_calls_for_aid,7,6,1
good-fellas-hilarious,251,201,50
good-guy-greg,129,103,26
good-guy-pizza-rolls,49,39,10
good-guy-putin,128,102,26
good_guy_socially_awkward_penguin,12,10,2
google-chrome,97,78,19
google-no-results,55,44,11
google-translate,54,43,11
goose_chase,16,13,3
gordon-ramsay-kids-vs-adults,89,71,18
gordon-ramsay-some-good-food,60,48,12
gordon_ramsay_idiot_sandwich,16,13,3
got_room_for_one_more,16,13,3
gotta_be_one_of_my_favorite_genders,16,13,3
grandma-finds-the-internet,238,190,48
grant_gustin_over_grave,16,13,3
grave-spongebob,68,54,14
grave_funeral,218,174,44
greta-thunberg-how-dare-you,73,58,15
grim-reaper-claw-machine,123,98,25
gru-gun,127,102,25
gru_meme,16,13,3
grumpy-cat-bed,126,101,25
grumpy-cat-birthday,129,103,26
grumpy-cat-does-not-believe,109,87,22
grumpy-cat-halloween,55,44,11
grumpy-cat-happy,128,102,26
grumpy-cat-not-amused,127,102,25
grumpy-cat-sky,77,62,15
grumpy-cat-star-wars,127,102,25
grumpy-cat-table,85,68,17
grumpy-toad,82,66,16
grumpy_cat_christmas,16,13,3
grumpy_cat_mistletoe,16,13,3
grumpy_cats_father,16,13,3
gta_5_franklin_and_his_dog_chop,16,13,3
guess-ill-die,129,103,26
guinness_world_record,16,13,3
gulf_of_what,9,7,2
gus-fring-we-are-not-the-same,219,175,44
guy-getting-beat-up,125,100,25
guy-pouring-olive-oil-on-the-salad,75,60,15
guy-recording-a-fight,125,100,25
guy-with-sand-in-the-hands-of-despair,75,60,15
guy_fawkes,16,13,3
hagrid-yer-a-wizard,58,46,12
hamtaro,63,50,13
han-solo,67,54,13
happy-minaj,66,53,13
happy-picard,94,75,19
happy-squirrel,143,114,29
happy-star-congratulations,128,102,26
happy-then-sad,468,374,94
happy-wojak-vs-depressed-wojak,92,74,18
happy_dolphin_rainbow,16,13,3
hard-to-swallow-pills,129,103,26
hardworking_guy,16,13,3
harmless_scout_leader,16,13,3
harry_potter,16,13,3
harry_potter_ok,16,13,3
he_man,16,13,3
he_was_a_boy_she_was_a_girl,9,7,2
he_will_never_get_a_girlfriend,14,11,3
headbanzer,16,13,3
heartbeat-rate,113,90,23
heaven,65,52,13
heavy-breathing-cat,129,103,26
hector,7,6,1
hedonism_bot,10,8,2
heidi_from_hell,16,13,3
helen_lovejoy___children,18,14,4
hello-human-resources,47,38,9
hello-my-name-is,78,62,16
hello_person_from,16,13,3
help-me-obi-wan-youre-our-only-hope,76,61,15
helpful_tyler_durden,8,6,2
henry_cavill,16,13,3
hercules-hades,73,58,15
here-lies-x,87,70,17
here_lies_spongebob_tombstone,16,13,3
heres-johnny,129,103,26
herm_edwards,7,6,1
hey-internet,128,102,26
hey_little_man_hows_it_goin,13,10,3
hey_sleep_waking_brain,383,306,77
hide-the-pain-harold-thumbs-up,113,90,23
hide-yo-kids-hide-yo-wife,125,100,25
hiding-from-serial-killer,112,90,22
high-dog,124,99,25
high-expectations-asian-father,128,102,26
high-five-drown,129,103,26
hillary-clinton,128,102,26
hillary_clinton_cellphone,16,13,3
hipster_ariel,16,13,3
hipster_barista,16,13,3
hipster_kitty,15,12,3
hitler_downfall,16,13,3
hohoho,112,90,22
holding-hands,377,301,76
homer-bar,74,59,15
homer-simpson-drooling,132,105,27
homer-simpson-sleeping-peacefully,127,102,25
homer-simpsons-back-fat,127,102,25
homophobic-seal,76,61,15
honey_its_time_to_x,10,8,2
hoody-cat,73,58,15
hora_extra,8,6,2
horse-drawing,129,103,26
hot_scale,15,12,3
house_bunny,9,7,2
how-about-no-bear,127,102,25
how-tough-are-you,129,103,26
how_i_sleep_homer_simpson,16,13,3
huell-money,129,103,26
hulk-taco,129,103,26
hypnotize,16,13,3
i-am-going-to-create-an-environment-that-is-so-toxic-blank,63,50,13
i-am-inevitable,100,80,20
i-am-speed,128,102,26
i-believe-in-supremacy,111,89,22
i-bet-hes-thinking-about-other-women,411,329,82
i-bring-a-sort-of-x-vibe-to-the-y,47,38,9
i-can-has-cheezburger-cat,110,88,22
i-do-one-push-up,129,103,26
i-dont-always,339,271,68
i-dont-want-to-play-with-you-anymore,127,102,25
i-fear-no-man-but-that-thingit-scares-me,273,218,55
i-guarantee-it,129,103,26
i-hate-the-antichrist,53,42,11
i-have-no-idea-what-i-am-doing,128,102,26
i-have-no-idea-what-i-am-doing-dog,92,74,18
i-heart,48,38,10
i-just-think-theyre-neat,62,50,12
i-know-that-feel-bro,128,102,26
i-love-the-smell-of-napalm-in-the-morning,65,52,13
i-receive-you-receive,256,205,51
i-see-dead-people,145,116,29
i-think-i-forgot-something,128,102,26
i-too-like-to-live-dangerously,129,103,26
i-was-told-there-would-be,128,102,26
i-will-find-you-and-i-will-kill-you,156,125,31
i-wish-all-x-a-very-y,133,106,27
i_am_the_one_who_knocks,20,16,4
i_am_the_senate,16,13,3
i_choose_you,16,13,3
i_didnt_hear_no_bell,11,9,2
i_dont_care_if_you_win_i_just_need_x_to_lose,11,9,2
i_dont_think_about_you_at_all_mad_men,8,6,2
i_have_failed_you,16,13,3
i_have_never_met_this_man_in_my_life,16,13,3
i_know_but_he_can,16,13,3
i_lied,16,13,3
i_robot_will_smith,15,12,3
i_said_we_sad_today,16,13,3
i_want_pictures_of_spiderman,10,8,2
i_was_there,15,12,3
i_will_find_you_and_kill_you,16,13,3
iceberg,104,83,21
iceberg-levels-tiers,102,82,20
idiot-nerd-girl,128,102,26
idiot-skull,111,89,22
idiotaco,7,6,1
if-i-had-a-nickel-for-everytime,119,95,24
if-those-kids-could-read-theyd-be-very-upset,190,152,38
if-you-know-what-i-mean-bean,108,86,22
if_nobody_got_me_blank,16,13,3
ill-have-you-know-spongebob,126,101,25
ill-just-wait-here,129,103,26
illusion_of_free_choice,16,13,3
im-about-to-end-this-mans-whole-career,113,90,23
im-in-danger,271,217,54
im-the-dumbest-man-alive,128,102,26
im-tired-of-pretending-its-not,127,102,25
im_awake_but_at_what_cost,16,13,3
im_curious_nappa,9,7,2
im_doing_my_part,16,13,3
im_gonna_say_it,16,13,3
im_never_going_to_financially_recover_from_this,16,13,3
im_tired_boss,16,13,3
im_tired_of_this_grandpa,8,6,2
impossibru-guy-original,128,102,26
impractical_jokers,10,8,2
in-terms-of-money-we-have-no-money,126,101,25
inception,109,87,22
incoming-call,54,43,11
innocent_sasha,16,13,3
insanity-puppy,127,102,25
insanity-wolf,101,81,20
inside-you-there-are-two-wolves,74,59,15
inspirational,16,13,3
inspirational-quote,123,98,25
intelligent-dog,128,102,26
internet_explorer,16,13,3
interstellar_smoking,15,12,3
interupting-kanye,110,88,22
invalid_argument_vader,16,13,3
is-fortnite-actually-overrated,52,42,10
is_calling_you,13,10,3
it-aint-much-but-its-honest-work,113,90,23
it-is-time-to-go,143,114,29
it_cant_hurt_you,16,13,3
itd_be_a_lot_cooler_if_you_did,16,13,3
its-a-trap,112,90,22
its-free-real-estate,127,102,25
its-not-going-to-happen,137,109,28
its-over-anakin-i-have-the-high-ground,111,89,22
its-time-to-start-asking-yourself-the-big-questions-meme,111,89,22
its-true-all-of-it-han-solo,128,102,26
its_finally_over,16,13,3
ive_played_these_games_before,16,13,3
jack-nicholson-the-shining-snow,195,156,39
jack-sparrow-being-chased,129,103,26
jack-sparrow-you-have-heard-of-me,71,57,14
jack-torrance-axe-shining,63,50,13
jackie-chan-confused,129,103,26
jackie-chan-wtf,127,102,25
jammin-baby,65,52,13
jason-momoa-henry-cavill-meme,170,136,34
jay-inbetweeners-completed-it,89,71,18
jehovas_witness_squirrel,16,13,3
jeopardy_blank,16,13,3
jerkoff_javert,11,9,2
jerry_maguire_you_had_me_at_hello,9,7,2
jersey_santa,16,13,3
jesse_wtf_are_you_talking_about,16,13,3
jessica-jones-death-stare,50,40,10
jesus-talking-to-cool-dude,57,46,11
jesus-watcha-doin,108,86,22
jim-halpert-pointing-to-whiteboard,228,182,46
jim-office-blinds,107,86,21
jim_lehrer_the_man,7,6,1
job-interview,102,82,20
joe-biden,69,55,14
joe-biden-worries,57,46,11
joey-repeat-after-me,345,276,69
john-daly-and-tiger-woods,103,82,21
joins_battle_smash_bros,188,150,38
jojos-walk,129,103,26
joker-its-simple-we-kill-the-batman,87,70,17
joker-rainbow-hands,126,101,25
jon_stewart_skeptical,16,13,3
joseph-ducreux,127,102,25
jump_on_rake,9,7,2
kahn,7,6,1
karate-kyle,128,102,26
keep-calm-and-carry-on-purple,466,373,93
kermit-sipping-tea,232,185,47
kermit-window,127,102,25
kevin-hart,129,103,26
kevin-james,33,26,7
khan,68,54,14
kill-you-cat,70,56,14
kill-yourself-guy,127,102,25
kim_jong_il_y_u_no,16,13,3
kim_jong_un_sad,16,13,3
kirby-holding-a-sign,111,89,22
knight-with-arrow-in-helmet,120,96,24
knight_protecting_princess,16,13,3
knights-of-the-round-table,133,106,27
kobe,47,38,9
kombucha-girl,147,117,30
kong-godzilla-doge,129,103,26
kool-kid-klan,102,82,20
korea_turkey_olympic_shooter,16,13,3
kramer_whats_going_on_in_there,16,13,3
krusty-krab-vs-chum-bucket-blank,196,157,39
kurt_angle_stare,16,13,3
kylo_ren_more,16,13,3
kyon_face_palm,16,13,3
la-noire-press-x-to-doubt,84,67,17
la-vieja-confiable,54,43,11
lame-pun-coon,127,102,25
larry-the-cable-guy,52,42,10
last_place_douche_bag,9,7,2
laughing-goat,110,88,22
laughing-kid,70,56,14
laughing-leo,212,169,43
laughing-villains,128,102,26
laughing_hitler,16,13,3
laundry-viking,60,48,12
lazy-college-senior,129,103,26
leave-britney-alone,85,68,17
lebron_cigarette,16,13,3
lebron_james_reportedly_forgot_to,16,13,3
left-exit-12-off-ramp,280,224,56
legal_bill_murray,14,11,3
leonardo-dicaprio-cheers,164,131,33
leonardo-dicaprio-pointing,210,168,42
leonardo-dicaprio-throwing-money,84,67,17
leonardo-dicaprio-wolf-of-wall-street,128,102,26
lethal_weapon_danny_glover,16,13,3
lets_see_paul_allens_card,7,6,1
liam-neeson-taken,144,115,29
licking_lips,16,13,3
life-is-good-but-it-can-be-better,37,30,7
life-sucks,109,87,22
life_finds_a_way,11,9,2
ligaf,16,13,3
lil-wayne,51,41,10
limmy-waking-up,84,67,17
lion-king,128,102,26
lion_king_rafiki_simba,16,13,3
lisa-simpson-coffee-that-x-shit,63,50,13
lisa-simpsons-presentation,128,102,26
listen-here-you-little-shit-bird,108,86,22
little-miss-sunshine,62,50,12
little_romney,10,8,2
live-reaction,101,81,20
loading-cat,129,103,26
lol-guy,84,67,17
look-at-all-these,123,98,25
look-how-they-massacred-my-boy,97,78,19
look-marge,63,50,13
look-son,126,101,25
look-what-they-need-to-mimic-a-fraction-of-our-power,126,101,25
looks-good-to-me,47,38,9
lord_of_the_rings_meats_back_on_the_menu,32,26,6
love,109,87,22
low_key_just_a_chill_guy,24,19,5
m06_change_my_mind,406,325,81
m08_math_is_math,254,203,51
m10_captain_phillips,390,312,78
m15_homer_bush,237,189,48
m23_close_enough_rage_face,108,86,22
macklemore-thrift-store,61,49,12
mad_money_jim_cramer,16,13,3
madea,111,89,22
madness-this-is-sparta,67,54,13
magic_8_ball,16,13,3
mahatma_gandhi_rocks,16,13,3
make_your_own_meme,16,13,3
malicious_advice_mallard,16,13,3
man-and-woman-microphone,106,85,21
man-giving-sword-to-larger-man,125,100,25
man_holding_cardboard_sign,16,13,3
man_holding_sign,16,13,3
manning-broncos,51,41,10
mario-bros-views,127,102,25
mario-hammer-smash,113,90,23
marked-safe-from,145,116,29
maroney_and_obama_not_impressed,15,12,3
marvel-civil-war,158,126,32
maslows_hierarchy_of_needs,8,6,2
master_oogway,16,13,3
math-ladyconfused-lady,257,205,52
matrix-morpheus-offer,51,41,10
matt_damon_gets_older,16,13,3
maury-lie-detector,127,102,25
may_i_please_get_a_crumb,8,6,2
maybe-i-am-a-monster,201,161,40
mckayla_maroney_not_impressed,16,13,3
me-and-the-boys,127,102,25
me-explaining-to-my-mom,128,102,26
meg-family-guy-better-than-me,255,204,51
mega-rage-face,107,86,21
megamind-no-bitches,321,257,64
mel-gibson-and-jesus-christ,125,100,25
member-berries,128,102,26
meme-man,129,103,26
meme-stealing-license,129,103,26
memeo,16,13,3
memes-poop-jurassic-park,64,51,13
men-laughing,51,41,10
men_discussing_men_fighting,16,13,3
mental_gymnastics,7,6,1
merida_brave,16,13,3
meryl-streep,35,28,7
metal-jesus,75,60,15
metronome,60,48,12
mexican_word_of_the_day,16,13,3
michael-jackson-eating-popcorn,191,153,38
michael-phelps-death-stare,126,101,25
milk-carton,128,102,26
milking-the-cow,128,102,26
mind_blown_template,16,13,3
minegishi_minami,16,13,3
minion_in_dark_forest,8,6,2
minions,43,34,9
minor-mistake-marvin,129,103,26
missing_person,16,13,3
mitch_mcconnell,16,13,3
modern_problems,16,13,3
modern_warfare,7,6,1
moe-throws-barney,140,112,28
mom-can-we-have,144,115,29
money-money,129,103,26
money_man,16,13,3
monkey-business,94,75,19
monkey-looking-away,368,294,74
monkey-ooh,96,77,19
mordecai-punches-rigby-through-a-box,127,102,25
more_likely_than_you_think,13,10,3
morgan-freeman,49,39,10
morgan_freeman_good_luck,16,13,3
mother-ignoring-kid-drowning-in-a-pool,301,241,60
mother-of-god,111,89,22
mozart_not_sure,16,13,3
mr-bean-copying,105,84,21
mr-bean-waiting,129,103,26
mr-incredible-becoming-uncanny,124,99,25
mr-incredible-uncanny,301,241,60
mr-krabs-blur-meme,129,103,26
mr-krabs-money,128,102,26
mr-mackey,90,72,18
mr-t-pity-the-fool,128,102,26
mugatu-so-hot-right-now,128,102,26
multi-doge,129,103,26
muschamp,7,6,1
musically-oblivious-8th-grader,127,102,25
my-beloved,52,42,10
my-brother-in-christ,49,39,10
my-time-has-come,111,89,22
my_body_is_machine,13,10,3
my_child_will,16,13,3
my_job_here_is_done,16,13,3
nah_id_win,16,13,3
nailed_it,16,13,3
napoleon,16,13,3
narcos_waiting_pablo_escobar,228,182,46
naruto-handshake-meme-template,129,103,26
needs-more-cowbell,89,71,18
neil-degrasse-tyson,124,99,25
nemo-seagulls-mine,193,154,39
neo-dodging-a-bullet-matrix,63,50,13
nerd-emoji,128,102,26
net-noob,38,30,8
neuron_activation,16,13,3
never-again,192,153,39
never-ask-a-woman-her-age,128,102,26
never_give_up,11,9,2
newspaper,47,38,9
nice-guy-loki,54,43,11
nick-cage-and-pedro-pascal,51,41,10
nick-young,257,205,52
no-bullshit-business-baby,112,90,22
no-i-cant-obama,129,103,26
no-nappa-its-a-trick,49,39,10
no-patrick,145,116,29
no_disparen_dont_shoot,8,6,2
no_fear_one_fear,16,13,3
no_i_dont_think_i_will,16,13,3
no_russian,16,13,3
no_take_only_throw,16,13,3
no_yes_lady,16,13,3
nobody-absolutely-no-one,117,94,23
nobody-expects-the-spanish-inquisition-monty-python,56,45,11
nobody-is-born-cool,128,102,26
nooo-haha-go-brrr,128,102,26
normal-distribution-meme,169,135,34
not-bad-obama,58,46,12
not-stonks,127,102,25
not-sure-if-fry,229,183,46
not_okay_rage_face,16,13,3
note-passing,128,102,26
now-all-of-china-knows-youre-here,116,93,23
now-thats-a-name-i-havent-heard-since,174,139,35
now-thats-what-i-call,61,49,12
npc,103,82,21
npc_meme,19,15,4
npcprogramscreed,24,19,5
nuclear-explosion,128,102,26
nyan_cat,16,13,3
obama,87,70,17
obama-medal,142,113,29
obama-no-listen,127,102,25
obama_cowboy_hat,16,13,3
obama_romney_pointing,16,13,3
obi-wan-of-course-i-know-him-hes-me,59,47,12
obi_wan_kenobi_jedi_mind_trick,16,13,3
objects-in-mirror-are-closer-than-they-appear,71,57,14
oblivious-hot-girl,123,98,25
odd1sout-vs-computer-chess,110,88,22
officer_cartman,16,13,3
oh-no,124,99,25
oh-no-anyway,128,102,26
oh-no-black-cat,126,101,25
oh_hi_mark,8,6,2
oh_my_god_orange,16,13,3
oh_thats_a_toilet_spongebob_fish,16,13,3
okay-guy-rage-face,69,55,14
okay-truck,129,103,26
okay_grandpa_lets_get_you_to_bed,7,6,1
ol-reliable,126,101,25
old-guy-pc,284,227,57
old_man_yells_at_cloud,16,13,3
oliver-twist-please-sir,89,71,18
omg-cat,128,102,26
omg-karen,108,86,22
omg_hi,16,13,3
omni-man-blocks-punch,127,102,25
onde,52,42,10
one-does-not-simply,196,157,39
one-girl-five-guys,79,63,16
one-piece-wanted-poster-template,111,89,22
oops-all-berries,49,39,10
open-the-gate-a-little,128,102,26
oprah-you-get-a,230,184,46
oprah-you-get-a-car-everybody-gets-a-car,126,101,25
orangutan-chasing-girl-on-a-tricycle,184,147,37
oregon_trail,16,13,3
original-bad-luck-brian,63,50,13
original-stoner-dog,106,85,21
original_i_lied,16,13,3
osabama,16,13,3
over_educated_problems,16,13,3
overjoyed,76,61,15
overly-attached-girlfriend,110,88,22
overly_attached_father,16,13,3
overly_manly_man,16,13,3
overly_suave_it_guy,16,13,3
overwatch-mercy-meme,129,103,26
pablo_escobar_waiting_alone,16,13,3
panik-kalm-panik,352,281,71
panzer-of-the-lake,74,59,15
paranoid_parrot,16,13,3
pathetic-spidey,102,82,20
patrick-scared,111,89,22
patrick-smart-dumb,231,185,46
patrick-star-and-man-ray,168,134,34
patrick-to-do-list-actually-blank,59,47,12
patrick_henry,14,11,3
patrick_says,16,13,3
paul_ryan,16,13,3
paul_wonder_years,16,13,3
pawn-stars-best-i-can-do,130,104,26
penguin-gang,84,67,17
pennywise-in-sewer,127,102,25
pentagon-hexagon-octagon,113,90,23
pepe-punch,128,102,26
pepe-silvia,351,281,70
pepe-the-frog,119,95,24
pepe_holding_sign,16,13,3
pepperidge-farm-remembers,246,197,49
persian-cat-room-guardian-single,99,79,20
persian_cat_room_guardian,16,13,3
perturbed_portman,7,6,1
peter-griffin-running-away-for-a-plane,298,238,60
peter-parker-cry,129,103,26
peter-parker-reading-a-book,117,94,23
peter_griffin_skin_color_chart_race_terrorist_blank,16,13,3
peter_parker_reading_book__crying,16,13,3
philosoraptor,112,90,22
photogenic-college-football-player,53,42,11
photogenic_scene_guy,7,6,1
picard-riker-listening-to-a-pun,111,89,22
picard_four_lights,16,13,3
pickup-line-panda,85,68,17
pickup_master,16,13,3
pickup_professor,16,13,3
pie-chart-meme,99,79,20
pimples-zero,125,100,25
pink-guy-vs-bane,129,103,26
pink_escalade,16,13,3
pinky-and-the-brain,73,58,15
pippin-second-breakfast,48,38,10
pissed-off-obama,128,102,26
plane_explosions_jay_jay,199,159,40
plate-toss,75,60,15
playstation_trophy,11,9,2
please_sir_may_i_have_some_more,16,13,3
pointing-mirror-guy,87,70,17
pointing_mannequin,13,10,3
poke_with_stick,7,6,1
pokemon-battle,87,70,17
police-chasing-guy,129,103,26
police-officer-testifying,128,102,26
pony-shrugs,85,68,17
poor-squidward-vs-rich-spongebob,128,102,26
por_que_tan_elegante_homero,9,7,2
pouring_gas_on_fire,16,13,3
power-ranger-teletubbies,95,76,19
power-rangers,59,47,12
powerpuff-girls-creation,59,47,12
ppap,111,89,22
predator,53,42,11
presidential-alert,112,90,22
pretending-to-be-happy-hiding-crying-behind-a-mask,127,102,25
priority-peter,111,89,22
problems-stress-pain,117,94,23
problems-stress-pain-blank,45,36,9
professor-farnsworth-good-news-everyone,75,60,15
professor-oak,83,66,17
professor_x,16,13,3
protected-kevin-hart,62,50,12
proudness,16,13,3
psst-spiderman,38,30,8
psy-horse-dance,115,92,23
ptsd-chihuahua,127,102,25
ptsd-clarinet-boy,111,89,22
ptsd-dog,121,97,24
puppet_hierarchy,15,12,3
question-rage-face,129,103,26
questionable_strategy_kobe,16,13,3
quit-hatin,71,57,14
quit_having_fun,14,11,3
raise_your_hand_if_you_have_ever_been_personally_victimized_by_r,16,13,3
ralph-wiggum,63,50,13
random-bullshit-go,125,100,25
randy-orton-undertaker,69,55,14
randy_marsh_computer,17,14,3
rarity,16,13,3
rasta-science-teacher,103,82,21
reaction-guys,54,43,11
real-shit,282,225,57
realistic-red-angry-birds,101,81,20
really-evil-college-teacher,61,49,12
really_right_in_front_of_my_pancit,16,13,3
rebecca_black,16,13,3
red-pill-blue-pill,127,102,25
red_button_hand,14,11,3
redditors-wife,124,99,25
redneck_randal,16,13,3
refuses_to_elaborate_any_further,16,13,3
regular-show,54,43,11
relaxed_office_guy,16,13,3
relief,110,88,22
remember_that_time,16,13,3
research_cat,16,13,3
rich_raven,16,13,3
rick-and-carl-long,502,401,101
rick-and-morty-extra-steps,84,67,17
rick-grimes,123,98,25
ridiculously-photogenic-guy,50,40,10
right-in-the-childhood,127,102,25
rip,39,31,8
rip-headstone,98,78,20
rob_in_the_hood,16,13,3
robert-downey-jr-annoyed,209,167,42
robert_downey_jr_tropic_thunder,16,13,3
robert_downey_jrs_comments,16,13,3
roblox_ban,12,10,2
roblox_error_message,16,13,3
robotnik-button,256,205,51
robots,86,69,17
roll_safe_think_about_it,32,26,6
romney,45,36,9
romney-and-ryan,53,42,11
romneys_hindenberg,12,10,2
ron-swanson,127,102,25
ronald-mcdonald-temp,124,99,25
rpg-fan,128,102,26
running-away-balloon,180,144,36
ryan-beckford,128,102,26
ryan-gosling,128,102,26
ryan-gosling-hey-girl,39,31,8
s02_breaking_news_ron_burgundy,255,204,51
s03_this_is_fine_family,278,222,56
s04_two_castles_paths,170,136,34
s06_grus_plan_four_five_panel,255,204,51
s07_bad_luck_brian_zombie,222,177,45
s09_blank_blue_colored_family,409,327,82
sad-baby,123,98,25
sad-cat,128,102,26
sad-cat-holding-dog,128,102,26
sad-guy-happy-guy-bus,148,118,30
sad-joe-biden,59,47,12
sad-keanu,128,102,26
sad-pepe-suicide,102,82,20
sad-spiderman,128,102,26
sad-thumbs-up-cat,127,102,25
sad-x-all-the-y,127,102,25
sad_hamster,16,13,3
sad_wojak_cycle,16,13,3
sad_wolverine_left_out_of_party,16,13,3
sadly-i-am-only-an-eel,59,47,12
salt-bae,108,86,22
same-spider-man,55,44,11
samuel-jackson-glance,90,72,18
samuel-l-jackson-say-one-more-time,48,38,10
samuel_l_jackson,16,13,3
sarcastic_anthony,11,9,2
sarcastically_surprised_kirk,16,13,3
sassy_iguana,16,13,3
satisfied-seal,113,90,23
say-it-again-dexter,126,101,25
say-that-again-i-dare-you,126,101,25
say-the-line-bart-simpsons,129,103,26
say-what-again,85,68,17
scared-cat,127,102,25
scared-hamster,129,103,26
scared-kid,112,90,22
scary-harry,124,99,25
scene_wolf,14,11,3
scooby-doo,37,30,7
scooby-doo-mask-reveal,130,104,26
screaming-seagull,222,177,45
scrooge_mcduck,31,25,6
scumbag-boss,112,90,22
scumbag-brain,113,90,23
scumbag-minecraft,123,98,25
scumbag-redditor,59,47,12
scumbag-steve,107,86,21
scumbag_daylight_savings_time,16,13,3
second-breakfast,122,98,24
secure_parking,16,13,3
see-nobody-cares,128,102,26
see_you_again,12,10,2
seinfeld_newman,16,13,3
self_loathing_otter,16,13,3
selfish_ozzy,12,10,2
sergeant-hartmann,124,99,25
serious_xzibit,16,13,3
sexy-railroad-spiderman,124,99,25
sheltering-suburban-mom,127,102,25
shia-labeouf-just-do-it,48,38,10
shocked-batman,111,89,22
shocked-black-guy,111,89,22
short-satisfaction-vs-truth,127,102,25
shouter,48,38,10
show-me-on-this-doll,128,102,26
show-me-the-real,255,204,51
show_me_the_money,16,13,3
shrek-cat,111,89,22
shrek-fiona-harold-donkey,127,102,25
shrek-for-five-minutes,144,115,29
shut-up-and-take-my-money-fry,127,102,25
shutup_batty_boy,8,6,2
side_eyeing_chloe,136,109,27
sidious-error,198,158,40
sigmund-freud,91,73,18
signature_look_of_superiority,16,13,3
silence-crab,126,101,25
silence_x_a_y_is_talking,16,13,3
silent_movie_card,13,10,3
silent_protector_soldier_child,185,148,37
simba-shadowy-place,128,102,26
simpsons-monkey-fight,84,67,17
simpsons_bart_no,9,7,2
simsimi,8,6,2
sir-this-is-a-wendys,128,102,26
sisyphus,16,13,3
sitting_wolf,10,8,2
skeleton-computer,230,184,46
skeleton-on-bench,141,113,28
skeletor-disturbing-facts,761,609,152
skeptical-baby,112,90,22
skinner-out-of-touch,94,75,19
skinner-pathetic,129,103,26
skipping_steps,16,13,3
sky_sports_breaking_news,16,13,3
skype,11,9,2
skyrim-skill-meme,92,74,18
sleeping-squidward,126,101,25
sleepy-donald-duck-in-bed,127,102,25
slenderman,108,86,22
slick_fry,16,13,3
slowpoke,16,13,3
small-face-romney,53,42,11
smilin-biden,127,102,25
smiling-cat,129,103,26
smiling-jesus,126,101,25
smirk_rage_face,16,13,3
smithers_vs_strippers,14,11,3
smokey-the-bear,69,55,14
smug_bear,16,13,3
sneaky-tom,74,59,15
sniper-cat,59,47,12
so-anyway-i-started-blasting,127,102,25
so-god-made-a-farmer,62,50,12
so-i-got-that-goin-for-me-which-is-nice,182,145,37
so-i-guess-you-can-say-things-are-getting-pretty-serious,129,103,26
so-much-drama,97,78,19
so-you-have-chosen-death,113,90,23
so_many_shirts,12,10,2
socially-awesome-awkward-penguin,288,230,58
socially_awesome_penguin,16,13,3
socially_awkward_penguin,16,13,3
society-if,311,249,62
soldier-jump-spetznaz,129,103,26
soldiers-hold-up-society,52,42,10
solemn_lumberjack,16,13,3
some_of_you_may_die,10,8,2
somehow_palpatine_returned,9,7,2
sonic-says,127,102,25
soup-nazi,240,192,48
south_park_craig,16,13,3
south_park_underpants_gnomes,16,13,3
soyjak-pointing,84,67,17
spangles,36,29,7
sparta-leonidas,129,103,26
speechless_colbert_face,7,6,1
spider-man-triple,217,173,44
spiderman-camera,99,79,20
spiderman-computer-desk,129,103,26
spiderman-glasses,181,145,36
spiderman-hospital,129,103,26
spiderman-peter-parker,127,102,25
spiderman-pointing-at-spiderman,257,205,52
spiderman-presentation,128,102,26
sponge-finna-commit-muder,129,103,26
spongebob-burning-paper,239,191,48
spongebob-coffin,112,90,22
spongebob-fire,128,102,26
spongebob-happy-and-sad,121,97,24
spongebob-ight-imma-head-out,129,103,26
spongebob-laughing-hysterically,113,90,23
spongebob-looking-out-window,156,125,31
spongebob-money,129,103,26
spongebob-my-eyes,110,88,22
spongebob-panic-inside,127,102,25
spongebob-rainbow,289,231,58
spongebob-squarepants-scared-but-also-not-scared,128,102,26
spongebob-stupid,317,253,64
spongebob-time-card-background,103,82,21
spongebob-vs-squidward-alarm-clocks,93,74,19
spongebob-waiting,240,192,48
spongebob-wanna-see-me-do-it-again,47,38,9
spongebob-worship,103,82,21
spongebob-yelling,125,100,25
spongebob___i_dont_need_it_by_henry_c,16,13,3
spongebob_chocolate,15,12,3
spongebob_hype_stand,16,13,3
spongebob_patrick_garbage_diapers,257,205,52
spongegar,111,89,22
squid_game_season_1_vs_season,32,26,6
squidward,113,90,23
squidward-chair,128,102,26
squidward-pointing,38,30,8
srgrafo-dude-wtf,112,90,22
stan_meter,15,12,3
star-wars-no,129,103,26
star-wars-yoda,125,100,25
star_trek_kirk_khan,26,21,5
star_wars_darth_vader_altering_the_deal,16,13,3
staring-fish,91,73,18
startrek,66,53,13
statler-and-waldorf,81,65,16
steamboat_willie,8,6,2
steve-buscemi-fellow-kids,97,78,19
steve-harvey,113,90,23
steve-jobs,97,78,19
steve_harvey_laughing_serious,16,13,3
stewie_wheres_my_money,16,13,3
stoned_fox,16,13,3
stoner_phd,16,13,3
stonks,161,129,32
stop-cop,68,54,14
stop-hes-already-dead,52,42,10
stop-it-patrick-youre-scaring-him,129,103,26
stop_trying_to_make_fetch_happen,8,6,2
stop_trying_to_make_x_happen,11,9,2
storytelling-grandpa,120,96,24
straight-outta-x-blank-template,127,102,25
strong-dog-vs-weak-dog,172,137,35
stupid_dumb_drooling_puzzle,16,13,3
subtle-pickup-liner,121,97,24
success-kid,125,100,25
success-kid-original,248,198,50
success_kid_girl,16,13,3
successful-black-man,112,90,22
sudden-clarity-clarence,127,102,25
sudden_disgust_danny,16,13,3
sully-wazowski,112,90,22
sun-tzu,72,58,14
sun_tsu_fake_quote,16,13,3
super-birthday-squirrel,84,67,17
super-cool-ski-instructor,129,103,26
super_kami_guru_allows_this,16,13,3
superior-royalty,97,78,19
superior_wadsworth,9,7,2
superman_starman_meme,16,13,3
suprised-patrick,112,90,22
sure-grandma-lets-get-you-to-bed,144,115,29
surpised_frodo,16,13,3
surprised-joey,141,113,28
surprised-koala,127,102,25
surprised-pikachu,194,155,39
surprised_catman,16,13,3
surprised_pizza_delivery,16,13,3
surprized-vegeta,111,89,22
suspicious_cat,16,13,3
suspicious_dog,11,9,2
sweating-bullets,223,178,45
sweaty_concentrated_rage_face,16,13,3
table-flip-guy,129,103,26
tada-will-smith,73,58,15
take-a-seat-cat,128,102,26
talk-to-spongebob,125,100,25
talking-to-wall,99,79,20
taylor_swift_whispering_to_travis_kelce,10,8,2
team-rocket,123,98,25
tears_of_joy,16,13,3
tech-impaired-duck,54,43,11
ted,109,87,22
tell-me-the-truth-im-ready-to-hear-it,109,87,22
tennis_defeat,12,10,2
terminator-arnold-schwarzenegger,56,45,11
terminator-robot-t-800,39,31,8
thank_you_for_changing_my_life,14,11,3
thank_you_for_saving_my_life,13,10,3
thanos-infinity-stones,125,100,25
thanos-perfectly-balanced-as-all-things-should-be,129,103,26
thanos_back_to_me,16,13,3
thanos_smile,16,13,3
thanos_what_did_it_cost,230,184,46
thats-a-paddlin,129,103,26
thats-just-something-x-say,126,101,25
thats-the-neat-part-you-dont,129,103,26
thats_my_secret,32,26,6
the-bobs,55,44,11
the-boiler-room-of-hell,127,102,25
the-cooler-daniel,129,103,26
the-count,63,50,13
the-loudest-sounds-on-earth,129,103,26
the-more-you-know,123,98,25
the-office-bankruptcy,54,43,11
the-office-handshake,254,203,51
the-problem-is,111,89,22
the-rock-driving,129,103,26
the-rock-it-doesnt-matter,98,78,20
the-scroll-of-truth,129,103,26
the-what,127,102,25
the_circle_of_life,16,13,3
the_critic,16,13,3
the_daily_struggle,21,17,4
the_mandalorian,16,13,3
the_most_interesting_cat_in_the_world,16,13,3
the_simpsons_ralph_wiggum_picking_his_nose,7,6,1
there_is_no_war_in_ba_sing_se,16,13,3
these-arent-the-droids-you-were-looking-for,187,149,38
they-dont-know,205,164,41
they-hated-jesus-because-he-told-them-the-truth,221,177,44
they-took-our-jobs-stance-south-park,50,40,10
think-mark-think,71,57,14
think_of_the_children_simpsons,10,8,2
thinking-black-guy,567,453,114
third-world-skeptical-kid,129,103,26
third-world-success-kid,214,171,43
this-is-where-id-put-my-trophy-if-i-had-one,235,188,47
this-is-worthless,129,103,26
this-little-manuever-is-gonna-cost-us-51-years,80,64,16
this_is_brilliant_but_i_like_this,16,13,3
thomas-had-never-seen-such-bullshit-before,126,101,25
thor-is-he-though,64,51,13
those_who_know,16,13,3
thousand_yard_stare,16,13,3
three-headed-dragon,293,234,59
thumbs-up-rambo,93,74,19
tier-list,71,57,14
tighten-megamind-there-is-no-easter-bunny,128,102,26
tinder_profile,16,13,3
tiny-piece-of-paper,63,50,13
tired-cat,110,88,22
tired_dad_at_computer,16,13,3
titanic-84-years,148,118,30
titanic_band,16,13,3
today-was-a-good-day,128,102,26
tom-and-jerry-swordfight,254,203,51
tom-chasing-harry-and-ron-weasly,128,102,26
tom-the-cat-shooting-himself,125,100,25
tom_cruise_laugh,16,13,3
tom_hardy_,16,13,3
tony-stark-success,129,103,26
tony_soprano_in_this_house,9,7,2
too-damn-high,143,114,29
too-weak-unlimited-power,129,103,26
too_drunk_at_party_tina,14,11,3
tornado-guy,161,129,32
tough_guy_wanna_be,14,11,3
trailer-park-boys-bubbles,54,43,11
train-crashes-bus,186,149,37
trap_card,16,13,3
travelonshark,16,13,3
travis-kelce-screaming,97,78,19
triggered-liberal,126,101,25
trojan-horse,83,66,17
troll-face,111,89,22
trolley_problem,14,11,3
true-story,122,98,24
trump-bill-signing,127,102,25
trump-interview,53,42,11
trumpet-boy,106,85,21
trust-nobody-not-even-yourself,127,102,25
trying-to-calculate-how-much-sleep-i-can-get,97,78,19
tsa_douche,16,13,3
tuna-the-dog-phteven,58,46,12
turkey,16,13,3
turn-up-the-volume,134,107,27
tuxedo-winnie-the-pooh,254,203,51
tuxedo-winnie-the-pooh-3-panel,253,202,51
tuxedo-winnie-the-pooh-grossed-reverse,128,102,26
twilight_aro,7,6,1
two-buttons,158,126,32
two-buttons-1-blue,113,90,23
two_cats_fighting_for_real,16,13,3
types-of-headaches-meme,240,192,48
ugly-twins,129,103,26
umbrella_academy_car_passing,159,127,32
uncle-sam,196,157,39
uncomfortable_nightclub_girl,13,10,3
undertaker_aj_styles,275,220,55
unhappy-baby,47,38,9
unhelpful-high-school-teacher,127,102,25
unicorn-man,129,103,26
uno-draw-25-cards,129,103,26
uno-draw-the-whole-deck,112,90,22
uno-reverse-card,111,89,22
unpopular_opinion_puffin,16,13,3
unsettled-tom,128,102,26
unsheathing_sword,16,13,3
unwanted-house-guest,126,101,25
urinal-guy,129,103,26
usa_lifter,14,11,3
v-for-vendetta,65,52,13
var_video_assistant_referee,16,13,3
vegeta-over,101,81,20
vein-popping-kid,408,326,82
vengeance_dad,16,13,3
venn_diagram,16,13,3
vicious_cycle,16,13,3
victoria-david-beckham-be-honest,65,52,13
vince-mcmahon,89,71,18
vince-mcmahon-reaction-wglowing-eyes,256,205,51
vince_mcmahon_5_tier,16,13,3
virgin-vs-chad,245,196,49
vladimir_putin,16,13,3
wait_its_all,16,13,3
wake-up-babe,53,42,11
walk_into_mordor,16,13,3
walking-running-sprinting,112,90,22
walter_white,16,13,3
walter_white_screaming_at_hank,9,7,2
wanted-poster,80,64,16
wants-to-know-your-location,128,102,26
warning-sign,128,102,26
was_anybody_going_to_tell_me,15,12,3
water_dam_meme,16,13,3
we-are-the-millers,205,164,41
we-have-a-hulk,48,38,10
we-will-rebuild,129,103,26
we_did_it_patrick_we_saved_the_city,16,13,3
we_dont_do_that_here,16,13,3
we_dont_talk_about_bruno,16,13,3
we_want_you,16,13,3
weak-vs-strong-spongebob,238,190,48
weird-stuff-i-do-potoo,128,102,26
welcome-to-the-internets,127,102,25
well-that-escalated-quickly,110,88,22
well-yes-but-actually-no,129,103,26
what-are-you-in-for,332,265,67
what-do-we-want,254,203,51
what-gives-people-feelings-of-power,129,103,26
what-happened-to-him,71,57,14
what-if-i-told-you,256,205,51
what-if-you-but-god-said,59,47,12
what-if-you-wanted-to-go-to-heaven,128,102,26
what-is-my-purpose,138,110,28
what-the-hell-is-this,126,101,25
what-year-is-it,127,102,25
what_a_week_huh,11,9,2
what_how,16,13,3
what_my_friends_think_i_do,16,13,3
whatcha-got-there,93,74,19
whats_on_your_mind,16,13,3
whe-im-in-a-competition-and-my-opponent-is,185,148,37
when-x-just-right,129,103,26
where-does-it-hurt,108,86,22
where-monkey,302,241,61
where_is,16,13,3
which_side_are_you_on,16,13,3
whisper-and-goosebumps,128,102,26
white_background,16,13,3
who-are-we,52,42,10
who-is-that-pokemon,127,102,25
who-wants-change,74,59,15
who-wants-to-be-a-millionaire,126,101,25
who-would-win,124,99,25
who_the_fk_starts_a_conversation_like_that_i_just_sat_down,16,13,3
wholesome_protector,16,13,3
whose_line_is_it_anyway,16,13,3
why-cant-i-hold-all-these-limes,125,100,25
why-cant-you-just-be-normal-blank,166,133,33
why-is-my-sisters-name-rose,126,101,25
why-is-the-rum-gone,128,102,26
why-not-both,121,97,24
why-would-x-do-this,179,143,36
why_are_you_gay,16,13,3
why_do_we_have_hands_all_blank,16,13,3
will-smith-punching-chris-rock,129,103,26
will_ferrell,16,13,3
will_ferrell_beer_meme,8,6,2
will_smith_slap,16,13,3
willem_dafoe_looking_up,16,13,3
windows-error-message,124,99,25
winter_is_coming,16,13,3
woah-kitty,69,55,14
wolf-party,65,52,13
wolverine-remember,129,103,26
woman-showing-paper-to-cat,108,86,22
woman-yelling-at-cat,411,329,82
woman_shouting_knives,16,13,3
woohoo_homer_simpson,16,13,3
worship_the_lord,16,13,3
worst-day-of-my-life,65,52,13
would-you-press-the-button,40,32,8
would-you-rather,95,76,19
wouldnt-that-make-you,113,90,23
write_that_down,16,13,3
wrong-neighboorhood-cats,117,94,23
wrong_number_rita,9,7,2
wtf,111,89,22
x-all-the-y,165,132,33
x-x-everywhere,204,163,41
x_when_x_walks_in,16,13,3
y-u-no,192,153,39
yall-got-any-more-of-that,481,385,96
yao-ming,145,116,29
yeah-if-you-could,262,209,53
yes-dear,121,97,24
yo-dawg-heard-you,126,101,25
yoda,112,90,22
yoda-smell,96,77,19
yoda_begun_the_clone_war_has,14,11,3
you-cant-defeat-me,128,102,26
you-get-an-x-and-you-get-an-x,112,90,22
you-have-no-power-here,98,78,20
you-keep-using-that-word,163,130,33
you-know-im-something-of-a-myself,252,201,51
you-know-what-really-grinds-my-gears,98,78,20
you-like-krabby-patties,143,114,29
you-merely-adopted-x-i-was-born-in-itmolded-by-it,151,121,30
you-should-feel-bad-zoidberg,128,102,26
you-should-kill-yourself-now,77,62,15
you-the-real-mvp,143,114,29
you-took-everything-from-me-i-dont-even-know-who-you-are,125,100,25
you-underestimate-my-power,129,103,26
you-were-the-chosen-one-star-wars,129,103,26
you-wouldnt-get-it,79,63,16
you_cant_handle_the_truth,16,13,3
you_made_thisi_made_this,16,13,3
young-cardi-b,128,102,26
young_thug_and_lil_durk_troubleshooting,16,13,3
your-country-needs-you,123,98,25
youre-too-slow-sonic,115,92,23
youre_going_to_make_me,11,9,2
youtube_video_template,16,13,3
yu-gi-oh,143,114,29
yugioh_card,16,13,3
yuko-with-gun,53,42,11
yuu_buys_a_cookie,24,19,5
znmd,16,13,3
zoidberg-jesus,51,41,10
zombie-overly-attached-girlfriend,127,102,25
zorg,16,13,3
zuckerberg,41,33,8
