sample_id,label,kind,n_votes,n_agree
sample_0001.jpg,Non-Meme,NON_MEME,5,3
sample_0002.jpg,Non-Meme,NON_MEME,5,4
sample_0003.jpg,Non-Meme,NON_MEME,5,5
sample_0004.jpg,Non-Meme,NON_MEME,5,3
sample_0005.jpg,Template-Free,TEMPLATELESS,5,5
sample_0006.jpg,Template-Free,TEMPLATELESS,5,3
sample_0007.jpg,Non-Meme,NON_MEME,5,3
sample_0008.jpg,Template-Free,TEMPLATELESS,5,4
sample_0009.jpg,the-what,TEMPLATE,5,5
sample_0010.jpg,you_made_thisi_made_this,TEMPLATE,5,5
sample_0011.jpg,meme-man,TEMPLATE,5,5
sample_0012.jpg,Template-Free,TEMPLATELESS,5,4
sample_0013.jpg,Template-Free,TEMPLATELESS,5,5
sample_0014.jpg,Non-Meme,NON_MEME,5,4
sample_0015.jpg,Template-Free,TEMPLATELESS,5,4
sample_0016.jpg,Template-Free,TEMPLATELESS,5,5
sample_0017.jpg,Template-Free,TEMPLATELESS,5,5
sample_0018.jpg,Non-Meme,NON_MEME,5,3
sample_0019.jpg,Template-Free,TEMPLATELESS,5,5
sample_0020.jpg,Non-Meme,NON_MEME,5,4
sample_0021.jpg,Non-Meme,NON_MEME,5,4
sample_0022.jpg,Non-Meme,NON_MEME,5,5
sample_0023.jpg,Template-Free,TEMPLATELESS,5,4
sample_0024.jpg,Non-Meme,NON_MEME,5,3
sample_0025.jpg,Non-Meme,NON_MEME,5,3
sample_0026.jpg,Non-Meme,NON_MEME,5,5
sample_0027.jpg,Non-Meme,NON_MEME,5,4
sample_0028.jpg,Non-Meme,NON_MEME,5,5
sample_0029.jpg,floating-boy-chasing-running-boy,TEMPLATE,5,5
sample_0030.jpg,Template-Free,TEMPLATELESS,5,5
sample_0031.jpg,Template-Free,TEMPLATELESS,5,5
sample_0032.jpg,Template-Free,TEMPLATELESS,5,4
sample_0033.jpg,patrick-smart-dumb,TEMPLATE,5,5
sample_0034.jpg,Non-Meme,NON_MEME,5,4
sample_0035.jpg,Template-Free,TEMPLATELESS,5,5
sample_0036.jpg,Non-Meme,NON_MEME,5,3
sample_0037.jpg,Non-Meme,NON_MEME,5,5
sample_0038.jpg,Non-Meme,NON_MEME,5,4
sample_0039.jpg,Template-Free,TEMPLATELESS,5,5
sample_0040.jpg,Template-Free,TEMPLATELESS,5,4
sample_0041.jpg,Template-Free,TEMPLATELESS,5,4
sample_0042.jpg,Template-Free,TEMPLATELESS,5,5
sample_0043.jpg,Template-Free,TEMPLATELESS,5,3
sample_0044.jpg,Template-Free,TEMPLATELESS,5,4
sample_0045.jpg,Non-Meme,NON_MEME,5,3
sample_0046.jpg,Template-Free,TEMPLATELESS,5,3
sample_0047.jpg,Non-Meme,NON_MEME,5,5
sample_0048.jpg,Template-Free,TEMPLATELESS,5,4
sample_0049.jpg,Template-Free,TEMPLATELESS,5,5
sample_0050.jpg,Template-Free,TEMPLATELESS,5,3
sample_0051.jpg,Template-Free,TEMPLATELESS,5,4
sample_0052.jpg,im-in-danger,TEMPLATE,5,5
sample_0053.jpg,Non-Meme,NON_MEME,5,4
sample_0054.jpg,Non-Meme,NON_MEME,5,5
sample_0055.jpg,Non-Meme,NON_MEME,5,5
sample_0056.jpg,crying-cat,TEMPLATE,5,5
sample_0057.jpg,Template-Free,TEMPLATELESS,5,4
sample_0058.jpg,Template-Free,TEMPLATELESS,5,5
sample_0059.jpg,Template-Free,TEMPLATELESS,5,4
sample_0060.jpg,nooo-haha-go-brrr,TEMPLATE,5,5
sample_0061.jpg,Non-Meme,NON_MEME,5,5
sample_0062.jpg,mr-incredible-uncanny,TEMPLATE,5,5
sample_0063.jpg,Non-Meme,NON_MEME,5,5
sample_0064.jpg,mr-incredible-uncanny,TEMPLATE,5,5
sample_0065.jpg,Template-Free,TEMPLATELESS,5,5
sample_0066.jpg,Non-Meme,NON_MEME,5,5
sample_0067.jpg,Template-Free,TEMPLATELESS,5,4
sample_0068.jpg,Template-Free,TEMPLATELESS,5,4
sample_0069.jpg,Template-Free,TEMPLATELESS,5,3
sample_0070.jpg,Template-Free,TEMPLATELESS,5,4
sample_0071.jpg,Non-Meme,NON_MEME,5,5
sample_0072.jpg,Non-Meme,NON_MEME,5,5
sample_0073.jpg,Non-Meme,NON_MEME,5,5
sample_0074.jpg,Non-Meme,NON_MEME,5,4
sample_0075.jpg,Template-Free,TEMPLATELESS,5,4
sample_0076.jpg,they-dont-know,TEMPLATE,5,5
sample_0077.jpg,Template-Free,TEMPLATELESS,5,3
sample_0078.jpg,power-ranger-teletubbies,TEMPLATE,5,4
sample_0079.jpg,Template-Free,TEMPLATELESS,5,4
sample_0080.jpg,Non-Meme,NON_MEME,5,4
sample_0081.jpg,Non-Meme,NON_MEME,5,5
sample_0082.jpg,Non-Meme,NON_MEME,5,5
sample_0083.jpg,Template-Free,TEMPLATELESS,5,5
sample_0084.jpg,Non-Meme,NON_MEME,5,5
sample_0085.jpg,Non-Meme,NON_MEME,5,5
sample_0086.jpg,Template-Free,TEMPLATELESS,5,5
sample_0087.jpg,Template-Free,TEMPLATELESS,5,5
sample_0088.jpg,Template-Free,TEMPLATELESS,5,4
sample_0089.jpg,Template-Free,TEMPLATELESS,5,4
sample_0090.jpg,Template-Free,TEMPLATELESS,5,5
sample_0091.jpg,bestbetter-blurst,TEMPLATE,5,5
sample_0092.jpg,Template-Free,TEMPLATELESS,5,5
sample_0093.jpg,Template-Free,TEMPLATELESS,5,4
sample_0094.jpg,Template-Free,TEMPLATELESS,5,5
sample_0095.jpg,Non-Meme,NON_MEME,5,4
sample_0096.jpg,Non-Meme,NON_MEME,5,3
sample_0097.jpg,Non-Meme,NON_MEME,5,5
sample_0098.jpg,Template-Free,TEMPLATELESS,5,4
sample_0099.jpg,Template-Free,TEMPLATELESS,5,5
sample_0100.jpg,Template-Free,TEMPLATELESS,5,4
sample_0101.jpg,Template-Free,TEMPLATELESS,5,4
sample_0102.jpg,the-scroll-of-truth,TEMPLATE,5,5
sample_0103.jpg,Template-Free,TEMPLATELESS,5,5
sample_0104.jpg,Template-Free,TEMPLATELESS,5,5
sample_0105.jpg,Template-Free,TEMPLATELESS,5,3
sample_0106.jpg,Non-Meme,NON_MEME,5,5
sample_0107.jpg,Template-Free,TEMPLATELESS,5,5
sample_0108.jpg,Non-Meme,NON_MEME,5,3
sample_0109.jpg,Template-Free,TEMPLATELESS,5,5
sample_0110.jpg,Template-Free,TEMPLATELESS,5,5
sample_0111.jpg,Non-Meme,NON_MEME,5,5
sample_0112.jpg,m06_change_my_mind,TEMPLATE,5,5
sample_0113.jpg,Non-Meme,NON_MEME,5,5
sample_0114.jpg,Non-Meme,NON_MEME,5,3
sample_0115.jpg,Template-Free,TEMPLATELESS,5,4
sample_0116.jpg,Template-Free,TEMPLATELESS,5,4
sample_0117.jpg,Template-Free,TEMPLATELESS,5,5
sample_0118.jpg,Template-Free,TEMPLATELESS,5,5
sample_0119.jpg,Template-Free,TEMPLATELESS,5,5
sample_0120.jpg,running-away-balloon,TEMPLATE,5,5
sample_0121.jpg,Template-Free,TEMPLATELESS,5,5
sample_0122.jpg,gigachad,TEMPLATE,5,3
sample_0123.jpg,Template-Free,TEMPLATELESS,5,4
sample_0124.jpg,Non-Meme,NON_MEME,5,5
sample_0125.jpg,Non-Meme,NON_MEME,5,5
sample_0126.jpg,Template-Free,TEMPLATELESS,5,5
sample_0127.jpg,Non-Meme,NON_MEME,5,4
sample_0128.jpg,Non-Meme,NON_MEME,5,5
sample_0129.jpg,Non-Meme,NON_MEME,5,4
sample_0130.jpg,Template-Free,TEMPLATELESS,5,5
sample_0131.jpg,Template-Free,TEMPLATELESS,5,4
sample_0132.jpg,Non-Meme,NON_MEME,5,3
sample_0133.jpg,panik-kalm-panik,TEMPLATE,5,5
sample_0134.jpg,Template-Free,TEMPLATELESS,5,3
sample_0135.jpg,Template-Free,TEMPLATELESS,5,4
sample_0136.jpg,Template-Free,TEMPLATELESS,5,4
sample_0137.jpg,Non-Meme,NON_MEME,5,3
sample_0138.jpg,Template-Free,TEMPLATELESS,5,4
sample_0139.jpg,Template-Free,TEMPLATELESS,5,5
sample_0140.jpg,Non-Meme,NON_MEME,5,5
sample_0141.jpg,mr-incredible-uncanny,TEMPLATE,5,5
sample_0142.jpg,Template-Free,TEMPLATELESS,5,4
sample_0143.jpg,Non-Meme,NON_MEME,5,3
sample_0144.jpg,Template-Free,TEMPLATELESS,5,5
sample_0145.jpg,Template-Free,TEMPLATELESS,5,4
sample_0146.jpg,Non-Meme,NON_MEME,5,5
sample_0147.jpg,Template-Free,TEMPLATELESS,5,4
sample_0148.jpg,Template-Free,TEMPLATELESS,5,5
sample_0149.jpg,Template-Free,TEMPLATELESS,5,5
sample_0150.jpg,two-buttons,TEMPLATE,5,5
sample_0151.jpg,Non-Meme,NON_MEME,5,5
sample_0152.jpg,Non-Meme,NON_MEME,5,5
sample_0153.jpg,Template-Free,TEMPLATELESS,5,5
sample_0154.jpg,Non-Meme,NON_MEME,5,5
sample_0155.jpg,Template-Free,TEMPLATELESS,5,5
sample_0156.jpg,mr-krabs-money,TEMPLATE,5,5
sample_0157.jpg,Non-Meme,NON_MEME,5,5
sample_0158.jpg,Non-Meme,NON_MEME,5,5
sample_0159.jpg,Template-Free,TEMPLATELESS,5,3
sample_0160.jpg,im_never_going_to_financially_recover_from_this,TEMPLATE,5,3
sample_0161.jpg,Non-Meme,NON_MEME,5,5
sample_0162.jpg,blinking-guy,TEMPLATE,5,5
sample_0163.jpg,Non-Meme,NON_MEME,5,3
sample_0164.jpg,Template-Free,TEMPLATELESS,5,5
sample_0165.jpg,Non-Meme,NON_MEME,5,5
sample_0166.jpg,Template-Free,TEMPLATELESS,5,5
sample_0167.jpg,Non-Meme,NON_MEME,5,3
sample_0168.jpg,Template-Free,TEMPLATELESS,5,4
sample_0169.jpg,Template-Free,TEMPLATELESS,5,4
sample_0170.jpg,Template-Free,TEMPLATELESS,5,2
sample_0171.jpg,yu-gi-oh,TEMPLATE,5,5
sample_0172.jpg,mom-can-we-have,TEMPLATE,5,4
sample_0173.jpg,Non-Meme,NON_MEME,5,3
sample_0174.jpg,Template-Free,TEMPLATELESS,5,4
sample_0175.jpg,Template-Free,TEMPLATELESS,5,5
sample_0176.jpg,lisa-simpsons-presentation,TEMPLATE,5,5
sample_0177.jpg,Template-Free,TEMPLATELESS,5,3
sample_0178.jpg,Template-Free,TEMPLATELESS,5,4
sample_0179.jpg,Non-Meme,NON_MEME,5,5
sample_0180.jpg,Non-Meme,NON_MEME,5,5
sample_0181.jpg,Template-Free,TEMPLATELESS,5,4
sample_0182.jpg,Template-Free,TEMPLATELESS,5,4
sample_0183.jpg,Template-Free,TEMPLATELESS,5,4
sample_0184.jpg,Non-Meme,NON_MEME,5,5
sample_0185.jpg,Template-Free,TEMPLATELESS,5,4
sample_0186.jpg,this-is-worthless,TEMPLATE,5,5
sample_0187.jpg,drake_hotline_bling_normal,TEMPLATE,5,5
sample_0188.jpg,second-breakfast,TEMPLATE,5,5
sample_0189.jpg,Template-Free,TEMPLATELESS,5,4
sample_0190.jpg,nobody-is-born-cool,TEMPLATE,5,5
sample_0191.jpg,Template-Free,TEMPLATELESS,5,3
sample_0192.jpg,Template-Free,TEMPLATELESS,5,4
sample_0193.jpg,Non-Meme,NON_MEME,5,3
sample_0194.jpg,screaming-seagull,TEMPLATE,5,5
sample_0195.jpg,Non-Meme,NON_MEME,5,5
sample_0196.jpg,squidward-chair,TEMPLATE,5,5
sample_0197.jpg,Template-Free,TEMPLATELESS,5,4
sample_0198.jpg,Template-Free,TEMPLATELESS,5,3
sample_0199.jpg,Non-Meme,NON_MEME,5,5
sample_0200.jpg,Non-Meme,NON_MEME,5,5
sample_0201.jpg,m08_math_is_math,TEMPLATE,5,5
sample_0202.jpg,Template-Free,TEMPLATELESS,5,4
sample_0203.jpg,Template-Free,TEMPLATELESS,5,5
sample_0204.jpg,Non-Meme,NON_MEME,5,3
sample_0205.jpg,Non-Meme,NON_MEME,5,3
sample_0206.jpg,Template-Free,TEMPLATELESS,5,4
sample_0207.jpg,Template-Free,TEMPLATELESS,5,3
sample_0208.jpg,Non-Meme,NON_MEME,5,5
sample_0209.jpg,Non-Meme,NON_MEME,5,5
sample_0210.jpg,Template-Free,TEMPLATELESS,5,5
sample_0211.jpg,Non-Meme,NON_MEME,5,3
sample_0212.jpg,Template-Free,TEMPLATELESS,5,5
sample_0213.jpg,Template-Free,TEMPLATELESS,5,4
sample_0214.jpg,Non-Meme,NON_MEME,5,5
sample_0215.jpg,Non-Meme,NON_MEME,5,5
sample_0216.jpg,the-scroll-of-truth,TEMPLATE,5,5
sample_0217.jpg,Template-Free,TEMPLATELESS,5,3
sample_0218.jpg,Non-Meme,NON_MEME,5,5
sample_0219.jpg,Non-Meme,NON_MEME,5,5
sample_0220.jpg,Non-Meme,NON_MEME,5,5
sample_0221.jpg,Non-Meme,NON_MEME,5,5
sample_0222.jpg,Non-Meme,NON_MEME,5,4
sample_0223.jpg,drake_hotline_bling_normal,TEMPLATE,5,4
sample_0224.jpg,Non-Meme,NON_MEME,5,5
sample_0225.jpg,Template-Free,TEMPLATELESS,5,5
sample_0226.jpg,Template-Free,TEMPLATELESS,5,4
sample_0227.jpg,Template-Free,TEMPLATELESS,5,5
sample_0228.jpg,Non-Meme,NON_MEME,5,4
sample_0229.jpg,spongebob-nah-i-dont-feeel-like-it,TEMPLATE,5,1
sample_0230.jpg,Template-Free,TEMPLATELESS,5,5
sample_0231.jpg,Non-Meme,NON_MEME,5,5
sample_0232.jpg,Non-Meme,NON_MEME,5,5
sample_0233.jpg,Template-Free,TEMPLATELESS,5,4
sample_0234.jpg,girl-putting-tuba-on-girls-head,TEMPLATE,5,5
sample_0235.jpg,Template-Free,TEMPLATELESS,5,4
sample_0236.jpg,Template-Free,TEMPLATELESS,5,4
sample_0237.jpg,Template-Free,TEMPLATELESS,5,3
sample_0238.jpg,Template-Free,TEMPLATELESS,5,5
sample_0239.jpg,Template-Free,TEMPLATELESS,5,4
sample_0240.jpg,Non-Meme,NON_MEME,5,5
sample_0241.jpg,Template-Free,TEMPLATELESS,5,4
sample_0242.jpg,Template-Free,TEMPLATELESS,5,5
sample_0243.jpg,kermit-sipping-tea,TEMPLATE,5,5
sample_0244.jpg,Non-Meme,NON_MEME,5,5
sample_0245.jpg,Template-Free,TEMPLATELESS,5,5
sample_0246.jpg,Non-Meme,NON_MEME,5,5
sample_0247.jpg,Non-Meme,NON_MEME,5,5
sample_0248.jpg,Template-Free,TEMPLATELESS,5,3
sample_0249.jpg,Template-Free,TEMPLATELESS,5,5
sample_0250.jpg,Template-Free,TEMPLATELESS,5,5
sample_0251.jpg,Non-Meme,NON_MEME,5,5
sample_0252.jpg,Template-Free,TEMPLATELESS,5,4
sample_0253.jpg,Non-Meme,NON_MEME,5,5
sample_0254.jpg,Non-Meme,NON_MEME,5,5
sample_0255.jpg,Non-Meme,NON_MEME,5,5
sample_0256.jpg,Non-Meme,NON_MEME,5,5
sample_0257.jpg,depends-on-the-context,TEMPLATE,5,5
sample_0258.jpg,Non-Meme,NON_MEME,5,3
sample_0259.jpg,we-are-the-millers,TEMPLATE,5,5
sample_0260.jpg,Non-Meme,NON_MEME,5,5
sample_0261.jpg,i-fear-no-man-but-that-thingit-scares-me,TEMPLATE,5,4
sample_0262.jpg,Template-Free,TEMPLATELESS,5,5
sample_0263.jpg,Template-Free,TEMPLATELESS,5,4
sample_0264.jpg,Non-Meme,NON_MEME,5,5
sample_0265.jpg,Template-Free,TEMPLATELESS,5,4
sample_0266.jpg,Template-Free,TEMPLATELESS,5,5
sample_0267.jpg,Template-Free,TEMPLATELESS,5,5
sample_0268.jpg,Non-Meme,NON_MEME,5,4
sample_0269.jpg,Non-Meme,NON_MEME,5,5
sample_0270.jpg,Template-Free,TEMPLATELESS,5,5
sample_0271.jpg,Non-Meme,NON_MEME,5,5
sample_0272.jpg,Non-Meme,NON_MEME,5,5
sample_0273.jpg,Template-Free,TEMPLATELESS,5,5
sample_0274.jpg,Non-Meme,NON_MEME,5,5
sample_0275.jpg,Template-Free,TEMPLATELESS,5,5
sample_0276.jpg,Template-Free,TEMPLATELESS,5,5
sample_0277.jpg,Non-Meme,NON_MEME,5,5
sample_0278.jpg,Non-Meme,NON_MEME,5,5
sample_0279.jpg,Non-Meme,NON_MEME,5,5
sample_0280.jpg,Non-Meme,NON_MEME,5,4
sample_0281.jpg,mr-beast-holding-paper,TEMPLATE,5,1
sample_0282.jpg,unsettled-tom,TEMPLATE,5,5
sample_0283.jpg,guy-getting-beat-up,TEMPLATE,5,5
sample_0284.jpg,spider-man-triple,TEMPLATE,5,5
sample_0285.jpg,Template-Free,TEMPLATELESS,5,5
sample_0286.jpg,Template-Free,TEMPLATELESS,5,5
sample_0287.jpg,Non-Meme,NON_MEME,5,4
sample_0288.jpg,Template-Free,TEMPLATELESS,5,5
sample_0289.jpg,we-are-the-millers,TEMPLATE,5,4
sample_0290.jpg,Template-Free,TEMPLATELESS,5,5
sample_0291.jpg,Template-Free,TEMPLATELESS,5,5
sample_0292.jpg,Non-Meme,NON_MEME,5,4
sample_0293.jpg,Non-Meme,NON_MEME,5,5
sample_0294.jpg,Template-Free,TEMPLATELESS,5,5
sample_0295.jpg,Template-Free,TEMPLATELESS,5,5
sample_0296.jpg,Non-Meme,NON_MEME,5,5
sample_0297.jpg,soldiers-hold-up-society,TEMPLATE,5,5
sample_0298.jpg,Template-Free,TEMPLATELESS,5,5
sample_0299.jpg,Template-Free,TEMPLATELESS,5,4
sample_0300.jpg,Template-Free,TEMPLATELESS,5,3
sample_0301.jpg,Template-Free,TEMPLATELESS,5,5
sample_0302.jpg,Template-Free,TEMPLATELESS,5,5
sample_0303.jpg,Template-Free,TEMPLATELESS,5,3
sample_0304.jpg,Non-Meme,NON_MEME,5,5
sample_0305.jpg,Template-Free,TEMPLATELESS,5,5
sample_0306.jpg,Template-Free,TEMPLATELESS,5,5
sample_0307.jpg,Template-Free,TEMPLATELESS,5,5
sample_0308.jpg,Template-Free,TEMPLATELESS,5,3
sample_0309.jpg,Template-Free,TEMPLATELESS,5,4
sample_0310.jpg,Template-Free,TEMPLATELESS,5,4
sample_0311.jpg,Template-Free,TEMPLATELESS,5,5
sample_0312.jpg,Non-Meme,NON_MEME,5,4
sample_0313.jpg,Non-Meme,NON_MEME,5,5
sample_0314.jpg,Non-Meme,NON_MEME,5,5
sample_0315.jpg,i-am-inevitable,TEMPLATE,5,5
sample_0316.jpg,Template-Free,TEMPLATELESS,5,5
sample_0317.jpg,Template-Free,TEMPLATELESS,5,3
sample_0318.jpg,Non-Meme,NON_MEME,5,5
sample_0319.jpg,Template-Free,TEMPLATELESS,5,3
sample_0320.jpg,Template-Free,TEMPLATELESS,5,5
sample_0321.jpg,Template-Free,TEMPLATELESS,5,4
sample_0322.jpg,Non-Meme,NON_MEME,5,4
sample_0323.jpg,am-i-a-joke-to-you,TEMPLATE,5,5
sample_0324.jpg,Template-Free,TEMPLATELESS,5,4
sample_0325.jpg,Template-Free,TEMPLATELESS,5,3
sample_0326.jpg,Template-Free,TEMPLATELESS,5,5
sample_0327.jpg,happy-then-sad,TEMPLATE,5,5
sample_0328.jpg,talking-to-wall,TEMPLATE,5,5
sample_0329.jpg,Template-Free,TEMPLATELESS,5,5
sample_0330.jpg,Template-Free,TEMPLATELESS,5,4
sample_0331.jpg,Template-Free,TEMPLATELESS,5,4
sample_0332.jpg,Non-Meme,NON_MEME,5,5
sample_0333.jpg,Template-Free,TEMPLATELESS,5,5
sample_0334.jpg,Template-Free,TEMPLATELESS,5,5
sample_0335.jpg,Template-Free,TEMPLATELESS,5,4
sample_0336.jpg,Non-Meme,NON_MEME,5,5
sample_0337.jpg,Template-Free,TEMPLATELESS,5,4
sample_0338.jpg,society-if,TEMPLATE,5,5
sample_0339.jpg,Template-Free,TEMPLATELESS,5,5
sample_0340.jpg,Template-Free,TEMPLATELESS,5,4
sample_0341.jpg,Template-Free,TEMPLATELESS,5,5
sample_0342.jpg,Template-Free,TEMPLATELESS,5,5
sample_0343.jpg,Non-Meme,NON_MEME,5,5
sample_0344.jpg,Template-Free,TEMPLATELESS,5,5
sample_0345.jpg,Non-Meme,NON_MEME,5,5
sample_0346.jpg,sad-cat-holding-dog,TEMPLATE,5,5
sample_0347.jpg,Template-Free,TEMPLATELESS,5,3
sample_0348.jpg,Non-Meme,NON_MEME,5,5
sample_0349.jpg,spongebob-vs-squidward-alarm-clocks,TEMPLATE,5,5
sample_0350.jpg,Template-Free,TEMPLATELESS,5,4
sample_0351.jpg,Non-Meme,NON_MEME,5,5
sample_0352.jpg,Template-Free,TEMPLATELESS,5,5
sample_0353.jpg,bernie-sanders-once-again-asking,TEMPLATE,5,5
sample_0354.jpg,Template-Free,TEMPLATELESS,5,4
sample_0355.jpg,kermit-window,TEMPLATE,5,5
sample_0356.jpg,Non-Meme,NON_MEME,5,5
sample_0357.jpg,Template-Free,TEMPLATELESS,5,4
sample_0358.jpg,black_background,TEMPLATE,5,3
sample_0359.jpg,stonks,TEMPLATE,5,5
sample_0360.jpg,Template-Free,TEMPLATELESS,5,4
sample_0361.jpg,Template-Free,TEMPLATELESS,5,4
sample_0362.jpg,milking-the-cow,TEMPLATE,5,5
sample_0363.jpg,Non-Meme,NON_MEME,5,5
sample_0364.jpg,Template-Free,TEMPLATELESS,5,5
sample_0365.jpg,Non-Meme,NON_MEME,5,5
sample_0366.jpg,Template-Free,TEMPLATELESS,5,3
sample_0367.jpg,Template-Free,TEMPLATELESS,5,5
sample_0368.jpg,Template-Free,TEMPLATELESS,5,4
sample_0369.jpg,Template-Free,TEMPLATELESS,5,4
sample_0370.jpg,Non-Meme,NON_MEME,5,5
sample_0371.jpg,Non-Meme,NON_MEME,5,5
sample_0372.jpg,Non-Meme,NON_MEME,5,5
sample_0373.jpg,spiderman-presentation,TEMPLATE,5,5
sample_0374.jpg,Template-Free,TEMPLATELESS,5,4
sample_0375.jpg,strong-dog-vs-weak-dog,TEMPLATE,5,5
sample_0376.jpg,Non-Meme,NON_MEME,5,5
sample_0377.jpg,running-away-balloon,TEMPLATE,5,5
sample_0378.jpg,Template-Free,TEMPLATELESS,5,4
sample_0379.jpg,Template-Free,TEMPLATELESS,5,4
sample_0380.jpg,Non-Meme,NON_MEME,5,5
sample_0381.jpg,Template-Free,TEMPLATELESS,5,3
sample_0382.jpg,Non-Meme,NON_MEME,5,5
sample_0383.jpg,Template-Free,TEMPLATELESS,5,4
sample_0384.jpg,Template-Free,TEMPLATELESS,5,4
sample_0385.jpg,Non-Meme,NON_MEME,5,4
sample_0386.jpg,elon-musk-blank-tweet,TEMPLATE,5,3
sample_0387.jpg,Template-Free,TEMPLATELESS,5,3
sample_0388.jpg,virgin-vs-chad,TEMPLATE,5,5
sample_0389.jpg,Non-Meme,NON_MEME,5,3
sample_0390.jpg,Non-Meme,NON_MEME,5,4
sample_0391.jpg,Template-Free,TEMPLATELESS,5,4
sample_0392.jpg,Non-Meme,NON_MEME,5,5
sample_0393.jpg,Template-Free,TEMPLATELESS,5,5
sample_0394.jpg,Template-Free,TEMPLATELESS,5,5
sample_0395.jpg,Non-Meme,NON_MEME,5,5
sample_0396.jpg,Template-Free,TEMPLATELESS,5,4
sample_0397.jpg,Non-Meme,NON_MEME,5,4
sample_0398.jpg,Template-Free,TEMPLATELESS,5,5
sample_0399.jpg,Template-Free,TEMPLATELESS,5,5
sample_0400.jpg,Non-Meme,NON_MEME,5,5
sample_0401.jpg,leonardo-dicaprio-cheers,TEMPLATE,5,4
sample_0402.jpg,Template-Free,TEMPLATELESS,5,5
sample_0403.jpg,i-bet-hes-thinking-about-other-women,TEMPLATE,5,5
sample_0404.jpg,Template-Free,TEMPLATELESS,5,5
sample_0405.jpg,Non-Meme,NON_MEME,5,5
sample_0406.jpg,Non-Meme,NON_MEME,5,4
sample_0407.jpg,Template-Free,TEMPLATELESS,5,4
sample_0408.jpg,Non-Meme,NON_MEME,5,3
sample_0409.jpg,Template-Free,TEMPLATELESS,5,5
sample_0410.jpg,Non-Meme,NON_MEME,5,5
sample_0411.jpg,you-have-no-power-here,TEMPLATE,5,5
sample_0412.jpg,Template-Free,TEMPLATELESS,5,5
sample_0413.jpg,Non-Meme,NON_MEME,5,3
sample_0414.jpg,Template-Free,TEMPLATELESS,5,5
sample_0415.jpg,Non-Meme,NON_MEME,5,5
sample_0416.jpg,Non-Meme,NON_MEME,5,3
sample_0417.jpg,Template-Free,TEMPLATELESS,5,3
sample_0418.jpg,Template-Free,TEMPLATELESS,5,5
sample_0419.jpg,Template-Free,TEMPLATELESS,5,5
sample_0420.jpg,Template-Free,TEMPLATELESS,5,4
sample_0421.jpg,Non-Meme,NON_MEME,5,5
sample_0422.jpg,Non-Meme,NON_MEME,5,5
sample_0423.jpg,Template-Free,TEMPLATELESS,5,4
sample_0424.jpg,Template-Free,TEMPLATELESS,5,3
sample_0425.jpg,Template-Free,TEMPLATELESS,5,5
sample_0426.jpg,Template-Free,TEMPLATELESS,5,5
sample_0427.jpg,Non-Meme,NON_MEME,5,5
sample_0428.jpg,Non-Meme,NON_MEME,5,4
sample_0429.jpg,Template-Free,TEMPLATELESS,5,3
sample_0430.jpg,Non-Meme,NON_MEME,5,4
sample_0431.jpg,Template-Free,TEMPLATELESS,5,4
sample_0432.jpg,Template-Free,TEMPLATELESS,5,4
sample_0433.jpg,Non-Meme,NON_MEME,5,5
sample_0434.jpg,Template-Free,TEMPLATELESS,5,5
sample_0435.jpg,Template-Free,TEMPLATELESS,5,4
sample_0436.jpg,communist_cat,TEMPLATE,5,5
sample_0437.jpg,drake_hotline_bling_normal,TEMPLATE,5,5
sample_0438.jpg,Template-Free,TEMPLATELESS,5,4
sample_0439.jpg,Non-Meme,NON_MEME,5,4
sample_0440.jpg,Template-Free,TEMPLATELESS,5,4
sample_0441.jpg,Template-Free,TEMPLATELESS,5,4
sample_0442.jpg,black_background,TEMPLATE,5,2
sample_0443.jpg,Non-Meme,NON_MEME,5,3
sample_0444.jpg,drake_hotline_bling_normal,TEMPLATE,5,5
sample_0445.jpg,Template-Free,TEMPLATELESS,5,4
sample_0446.jpg,Template-Free,TEMPLATELESS,5,4
sample_0447.jpg,Non-Meme,NON_MEME,5,5
sample_0448.jpg,Non-Meme,NON_MEME,5,4
sample_0449.jpg,Template-Free,TEMPLATELESS,5,4
sample_0450.jpg,Non-Meme,NON_MEME,5,3
sample_0451.jpg,Template-Free,TEMPLATELESS,5,4
sample_0452.jpg,hard-to-swallow-pills,TEMPLATE,5,3
sample_0453.jpg,Template-Free,TEMPLATELESS,5,4
sample_0454.jpg,Non-Meme,NON_MEME,5,4
sample_0455.jpg,Non-Meme,NON_MEME,5,5
sample_0456.jpg,Non-Meme,NON_MEME,5,5
sample_0457.jpg,Non-Meme,NON_MEME,5,5
sample_0458.jpg,Non-Meme,NON_MEME,5,3
sample_0459.jpg,Non-Meme,NON_MEME,5,5
sample_0460.jpg,drake_hotline_bling_normal,TEMPLATE,5,5
sample_0461.jpg,mother-ignoring-kid-drowning-in-a-pool,TEMPLATE,5,5
sample_0462.jpg,what-if-i-told-you,TEMPLATE,5,5
sample_0463.jpg,Template-Free,TEMPLATELESS,5,3
sample_0464.jpg,Non-Meme,NON_MEME,5,5
sample_0465.jpg,Template-Free,TEMPLATELESS,5,4
sample_0466.jpg,you-like-krabby-patties,TEMPLATE,5,5
sample_0467.jpg,adios,TEMPLATE,5,5
sample_0468.jpg,Non-Meme,NON_MEME,5,5
sample_0469.jpg,angry-flower,TEMPLATE,5,5
sample_0470.jpg,Template-Free,TEMPLATELESS,5,4
sample_0471.jpg,why-cant-you-just-be-normal-blank,TEMPLATE,5,5
sample_0472.jpg,Template-Free,TEMPLATELESS,5,4
sample_0473.jpg,Template-Free,TEMPLATELESS,5,5
sample_0474.jpg,its-free-real-estate,TEMPLATE,5,5
sample_0475.jpg,Non-Meme,NON_MEME,5,3
sample_0476.jpg,Non-Meme,NON_MEME,5,5
sample_0477.jpg,Template-Free,TEMPLATELESS,5,4
sample_0478.jpg,Non-Meme,NON_MEME,5,5
sample_0479.jpg,Non-Meme,NON_MEME,5,5
sample_0480.jpg,Template-Free,TEMPLATELESS,5,3
sample_0481.jpg,Template-Free,TEMPLATELESS,5,5
sample_0482.jpg,ew-i-stepped-in-shit,TEMPLATE,5,5
sample_0483.jpg,Template-Free,TEMPLATELESS,5,3
sample_0484.jpg,Template-Free,TEMPLATELESS,5,4
sample_0485.jpg,blinking-guy,TEMPLATE,5,5
sample_0486.jpg,pink-guy-vs-bane,TEMPLATE,5,5
sample_0487.jpg,Template-Free,TEMPLATELESS,5,4
sample_0488.jpg,are_ya_winning_son,TEMPLATE,5,5
sample_0489.jpg,Non-Meme,NON_MEME,5,5
sample_0490.jpg,tom-the-cat-shooting-himself,TEMPLATE,5,5
sample_0491.jpg,lisa-simpsons-presentation,TEMPLATE,5,5
sample_0492.jpg,Non-Meme,NON_MEME,5,5
sample_0493.jpg,Template-Free,TEMPLATELESS,5,5
sample_0494.jpg,Template-Free,TEMPLATELESS,5,4
sample_0495.jpg,and-thats-a-fact,TEMPLATE,5,5
sample_0496.jpg,Non-Meme,NON_MEME,5,3
sample_0497.jpg,woman-yelling-at-cat,TEMPLATE,5,3
sample_0498.jpg,Non-Meme,NON_MEME,5,5
sample_0499.jpg,Template-Free,TEMPLATELESS,5,4
sample_0500.jpg,well-yes-but-actually-no,TEMPLATE,5,3
sample_0501.jpg,master_oogway,TEMPLATE,5,5
sample_0502.jpg,blinking-guy,TEMPLATE,5,5
sample_0503.jpg,Template-Free,TEMPLATELESS,5,5
sample_0504.jpg,Template-Free,TEMPLATELESS,5,5
sample_0505.jpg,Template-Free,TEMPLATELESS,5,5
sample_0506.jpg,Non-Meme,NON_MEME,5,5
sample_0507.jpg,computer_guy,TEMPLATE,5,5
sample_0508.jpg,Non-Meme,NON_MEME,5,5
sample_0509.jpg,Non-Meme,NON_MEME,5,5
sample_0510.jpg,Non-Meme,NON_MEME,5,3
sample_0511.jpg,Non-Meme,NON_MEME,5,4
sample_0512.jpg,Template-Free,TEMPLATELESS,5,5
sample_0513.jpg,nobody-is-born-cool,TEMPLATE,5,5
sample_0514.jpg,Template-Free,TEMPLATELESS,5,5
sample_0515.jpg,m06_change_my_mind,TEMPLATE,5,5
sample_0516.jpg,Template-Free,TEMPLATELESS,5,4
sample_0517.jpg,Template-Free,TEMPLATELESS,5,4
sample_0518.jpg,Non-Meme,NON_MEME,5,5
sample_0519.jpg,Template-Free,TEMPLATELESS,5,5
sample_0520.jpg,Non-Meme,NON_MEME,5,5
sample_0521.jpg,Template-Free,TEMPLATELESS,5,4
sample_0522.jpg,lisa-simpsons-presentation,TEMPLATE,5,5
sample_0523.jpg,Template-Free,TEMPLATELESS,5,4
sample_0524.jpg,Template-Free,TEMPLATELESS,5,4
sample_0525.jpg,Non-Meme,NON_MEME,5,5
sample_0526.jpg,Template-Free,TEMPLATELESS,5,4
sample_0527.jpg,Template-Free,TEMPLATELESS,5,3
sample_0528.jpg,Template-Free,TEMPLATELESS,5,3
sample_0529.jpg,Template-Free,TEMPLATELESS,5,4
sample_0530.jpg,Template-Free,TEMPLATELESS,5,3
sample_0531.jpg,Template-Free,TEMPLATELESS,5,5
sample_0532.jpg,Non-Meme,NON_MEME,5,5
sample_0533.jpg,creepy-condescending-wonka,TEMPLATE,5,5
sample_0534.jpg,well-yes-but-actually-no,TEMPLATE,5,5
sample_0535.jpg,Template-Free,TEMPLATELESS,5,5
sample_0536.jpg,Template-Free,TEMPLATELESS,5,5
sample_0537.jpg,drake_hotline_bling_normal,TEMPLATE,5,5
sample_0538.jpg,Template-Free,TEMPLATELESS,5,3
sample_0539.jpg,Non-Meme,NON_MEME,5,5
sample_0540.jpg,Template-Free,TEMPLATELESS,5,5
sample_0541.jpg,Template-Free,TEMPLATELESS,5,4
sample_0542.jpg,Template-Free,TEMPLATELESS,5,3
sample_0543.jpg,Template-Free,TEMPLATELESS,5,4
sample_0544.jpg,Non-Meme,NON_MEME,5,4
sample_0545.jpg,Template-Free,TEMPLATELESS,5,4
sample_0546.jpg,Non-Meme,NON_MEME,5,5
sample_0547.jpg,Template-Free,TEMPLATELESS,5,4
sample_0548.jpg,Template-Free,TEMPLATELESS,5,5
sample_0549.jpg,afraid-to-ask-andy,TEMPLATE,5,5
sample_0550.jpg,Template-Free,TEMPLATELESS,5,4
sample_0551.jpg,Non-Meme,NON_MEME,5,4
sample_0552.jpg,Non-Meme,NON_MEME,5,5
sample_0553.jpg,unsettled-tom,TEMPLATE,5,5
sample_0554.jpg,Template-Free,TEMPLATELESS,5,4
sample_0555.jpg,squidward-chair,TEMPLATE,5,5
sample_0556.jpg,blinking-guy,TEMPLATE,5,5
sample_0557.jpg,Non-Meme,NON_MEME,5,5
sample_0558.jpg,blinking-guy,TEMPLATE,5,4
sample_0559.jpg,Non-Meme,NON_MEME,5,5
sample_0560.jpg,Template-Free,TEMPLATELESS,5,5
sample_0561.jpg,Template-Free,TEMPLATELESS,5,5
sample_0562.jpg,Template-Free,TEMPLATELESS,5,4
sample_0563.jpg,Template-Free,TEMPLATELESS,5,5
sample_0564.jpg,michael-jackson-eating-popcorn,TEMPLATE,5,5
sample_0565.jpg,Template-Free,TEMPLATELESS,5,5
sample_0566.jpg,Template-Free,TEMPLATELESS,5,5
sample_0567.jpg,Non-Meme,NON_MEME,5,5
sample_0568.jpg,Template-Free,TEMPLATELESS,5,5
sample_0569.jpg,Template-Free,TEMPLATELESS,5,5
sample_0570.jpg,disloyal-boyfriend,TEMPLATE,5,5
sample_0571.jpg,Non-Meme,NON_MEME,5,5
sample_0572.jpg,Template-Free,TEMPLATELESS,5,5
sample_0573.jpg,Non-Meme,NON_MEME,5,5
sample_0574.jpg,Template-Free,TEMPLATELESS,5,4
sample_0575.jpg,Template-Free,TEMPLATELESS,5,5
sample_0576.jpg,Non-Meme,NON_MEME,5,5
sample_0577.jpg,Template-Free,TEMPLATELESS,5,3
sample_0578.jpg,Template-Free,TEMPLATELESS,5,5
sample_0579.jpg,Template-Free,TEMPLATELESS,5,4
sample_0580.jpg,Template-Free,TEMPLATELESS,5,5
sample_0581.jpg,vein-popping-kid,TEMPLATE,5,3
sample_0582.jpg,Template-Free,TEMPLATELESS,5,5
sample_0583.jpg,lisa-simpsons-presentation,TEMPLATE,5,5
sample_0584.jpg,Template-Free,TEMPLATELESS,5,5
sample_0585.jpg,Non-Meme,NON_MEME,5,4
sample_0586.jpg,Non-Meme,NON_MEME,5,5
sample_0587.jpg,Template-Free,TEMPLATELESS,5,5
sample_0588.jpg,Non-Meme,NON_MEME,5,5
sample_0589.jpg,Template-Free,TEMPLATELESS,5,4
sample_0590.jpg,Template-Free,TEMPLATELESS,5,5
sample_0591.jpg,Template-Free,TEMPLATELESS,5,5
sample_0592.jpg,Non-Meme,NON_MEME,5,5
sample_0593.jpg,Non-Meme,NON_MEME,5,5
sample_0594.jpg,mozart_not_sure,TEMPLATE,5,5
sample_0595.jpg,Template-Free,TEMPLATELESS,5,5
sample_0596.jpg,listen-here-you-little-shit-bird,TEMPLATE,5,5
sample_0597.jpg,Non-Meme,NON_MEME,5,5
sample_0598.jpg,Template-Free,TEMPLATELESS,5,4
sample_0599.jpg,Template-Free,TEMPLATELESS,5,5
sample_0600.jpg,Non-Meme,NON_MEME,5,4
sample_0601.jpg,its-over-anakin-i-have-the-high-ground,TEMPLATE,5,4
sample_0602.jpg,Template-Free,TEMPLATELESS,5,5
sample_0603.jpg,Template-Free,TEMPLATELESS,5,5
sample_0604.jpg,Template-Free,TEMPLATELESS,5,5
sample_0605.jpg,Non-Meme,NON_MEME,5,5
sample_0606.jpg,Template-Free,TEMPLATELESS,5,3
sample_0607.jpg,blank-nut-button,TEMPLATE,5,5
sample_0608.jpg,Non-Meme,NON_MEME,5,3
sample_0609.jpg,i-have-no-idea-what-i-am-doing-dog,TEMPLATE,5,5
sample_0610.jpg,Template-Free,TEMPLATELESS,5,4
sample_0611.jpg,guy-with-sand-in-the-hands-of-despair,TEMPLATE,5,4
sample_0612.jpg,Template-Free,TEMPLATELESS,5,3
sample_0613.jpg,Template-Free,TEMPLATELESS,5,5
sample_0614.jpg,Template-Free,TEMPLATELESS,5,5
sample_0615.jpg,eric-andre-let-me-in-meme,TEMPLATE,5,5
sample_0616.jpg,Template-Free,TEMPLATELESS,5,5
sample_0617.jpg,Non-Meme,NON_MEME,5,5
sample_0618.jpg,Template-Free,TEMPLATELESS,5,5
sample_0619.jpg,Template-Free,TEMPLATELESS,5,5
sample_0620.jpg,Template-Free,TEMPLATELESS,5,4
sample_0621.jpg,Non-Meme,NON_MEME,5,4
sample_0622.jpg,Non-Meme,NON_MEME,5,5
sample_0623.jpg,Non-Meme,NON_MEME,5,5
sample_0624.jpg,Template-Free,TEMPLATELESS,5,4
sample_0625.jpg,Template-Free,TEMPLATELESS,5,4
sample_0626.jpg,Non-Meme,NON_MEME,5,3
sample_0627.jpg,Template-Free,TEMPLATELESS,5,5
sample_0628.jpg,Non-Meme,NON_MEME,5,4
sample_0629.jpg,Non-Meme,NON_MEME,5,5
sample_0630.jpg,Template-Free,TEMPLATELESS,5,5
sample_0631.jpg,Template-Free,TEMPLATELESS,5,5
sample_0632.jpg,Template-Free,TEMPLATELESS,5,5
sample_0633.jpg,Template-Free,TEMPLATELESS,5,5
sample_0634.jpg,Template-Free,TEMPLATELESS,5,5
sample_0635.jpg,actual-advice-mallard,TEMPLATE,5,5
sample_0636.jpg,what-if-you-wanted-to-go-to-heaven,TEMPLATE,5,5
sample_0637.jpg,Non-Meme,NON_MEME,5,5
sample_0638.jpg,Non-Meme,NON_MEME,5,5
sample_0639.jpg,Non-Meme,NON_MEME,5,5
sample_0640.jpg,dead-baby-voldemort-what-happened-to-him,TEMPLATE,5,5
sample_0641.jpg,m15_homer_bush,TEMPLATE,5,5
sample_0642.jpg,Template-Free,TEMPLATELESS,5,4
sample_0643.jpg,disloyal-boyfriend,TEMPLATE,5,5
sample_0644.jpg,Template-Free,TEMPLATELESS,5,4
sample_0645.jpg,disappearing,TEMPLATE,5,5
sample_0646.jpg,Template-Free,TEMPLATELESS,5,5
sample_0647.jpg,arthur-fist,TEMPLATE,5,5
sample_0648.jpg,panik-kalm-panik,TEMPLATE,5,5
sample_0649.jpg,panik-kalm-panik,TEMPLATE,5,5
sample_0650.jpg,Template-Free,TEMPLATELESS,5,5
sample_0651.jpg,Non-Meme,NON_MEME,5,5
sample_0652.jpg,Template-Free,TEMPLATELESS,5,5
sample_0653.jpg,anime-girl-hiding-from-terminator,TEMPLATE,5,5
sample_0654.jpg,Non-Meme,NON_MEME,5,4
sample_0655.jpg,Non-Meme,NON_MEME,5,4
sample_0656.jpg,Template-Free,TEMPLATELESS,5,5
sample_0657.jpg,Template-Free,TEMPLATELESS,5,4
sample_0658.jpg,Template-Free,TEMPLATELESS,5,4
sample_0659.jpg,Template-Free,TEMPLATELESS,5,5
sample_0660.jpg,Template-Free,TEMPLATELESS,5,5
sample_0661.jpg,Non-Meme,NON_MEME,5,5
sample_0662.jpg,Template-Free,TEMPLATELESS,5,4
sample_0663.jpg,Template-Free,TEMPLATELESS,5,5
sample_0664.jpg,Non-Meme,NON_MEME,5,5
sample_0665.jpg,Template-Free,TEMPLATELESS,5,5
sample_0666.jpg,Template-Free,TEMPLATELESS,5,5
sample_0667.jpg,Non-Meme,NON_MEME,5,5
sample_0668.jpg,Template-Free,TEMPLATELESS,5,4
sample_0669.jpg,Non-Meme,NON_MEME,5,5
sample_0670.jpg,Template-Free,TEMPLATELESS,5,5
sample_0671.jpg,Template-Free,TEMPLATELESS,5,4
sample_0672.jpg,Template-Free,TEMPLATELESS,5,5
sample_0673.jpg,Template-Free,TEMPLATELESS,5,5
sample_0674.jpg,realistic-red-angry-birds,TEMPLATE,5,3
sample_0675.jpg,Template-Free,TEMPLATELESS,5,5
sample_0676.jpg,Non-Meme,NON_MEME,5,4
sample_0677.jpg,Non-Meme,NON_MEME,5,5
sample_0678.jpg,doge,TEMPLATE,5,5
sample_0679.jpg,Template-Free,TEMPLATELESS,5,5
sample_0680.jpg,Template-Free,TEMPLATELESS,5,4
sample_0681.jpg,Non-Meme,NON_MEME,5,5
sample_0682.jpg,Non-Meme,NON_MEME,5,5
sample_0683.jpg,Template-Free,TEMPLATELESS,5,5
sample_0684.jpg,Template-Free,TEMPLATELESS,5,5
sample_0685.jpg,Non-Meme,NON_MEME,5,5
sample_0686.jpg,Template-Free,TEMPLATELESS,5,5
sample_0687.jpg,Template-Free,TEMPLATELESS,5,5
sample_0688.jpg,Template-Free,TEMPLATELESS,5,5
sample_0689.jpg,Template-Free,TEMPLATELESS,5,5
sample_0690.jpg,Template-Free,TEMPLATELESS,5,5
sample_0691.jpg,success-kid-original,TEMPLATE,5,5
sample_0692.jpg,Non-Meme,NON_MEME,5,5
sample_0693.jpg,Non-Meme,NON_MEME,5,5
sample_0694.jpg,Non-Meme,NON_MEME,5,5
sample_0695.jpg,grave-spongebob,TEMPLATE,5,3
sample_0696.jpg,Non-Meme,NON_MEME,5,5
sample_0697.jpg,Non-Meme,NON_MEME,5,5
sample_0698.jpg,Template-Free,TEMPLATELESS,5,5
sample_0699.jpg,Non-Meme,NON_MEME,5,5
sample_0700.jpg,Template-Free,TEMPLATELESS,5,5
sample_0701.jpg,Template-Free,TEMPLATELESS,5,5
sample_0702.jpg,Template-Free,TEMPLATELESS,5,5
sample_0703.jpg,Template-Free,TEMPLATELESS,5,4
sample_0704.jpg,Non-Meme,NON_MEME,5,5
sample_0705.jpg,Template-Free,TEMPLATELESS,5,4
sample_0706.jpg,Template-Free,TEMPLATELESS,5,4
sample_0707.jpg,Template-Free,TEMPLATELESS,5,5
sample_0708.jpg,Template-Free,TEMPLATELESS,5,5
sample_0709.jpg,Template-Free,TEMPLATELESS,5,5
sample_0710.jpg,Template-Free,TEMPLATELESS,5,4
sample_0711.jpg,drake_hotline_bling_normal,TEMPLATE,5,5
sample_0712.jpg,happy-then-sad,TEMPLATE,5,5
sample_0713.jpg,Non-Meme,NON_MEME,5,3
sample_0714.jpg,Template-Free,TEMPLATELESS,5,5
sample_0715.jpg,Template-Free,TEMPLATELESS,5,5
sample_0716.jpg,Template-Free,TEMPLATELESS,5,5
sample_0717.jpg,Non-Meme,NON_MEME,5,4
sample_0718.jpg,Non-Meme,NON_MEME,5,5
sample_0719.jpg,Template-Free,TEMPLATELESS,5,5
sample_0720.jpg,assassination-chain,TEMPLATE,5,5
sample_0721.jpg,Template-Free,TEMPLATELESS,5,5
sample_0722.jpg,Non-Meme,NON_MEME,5,5
sample_0723.jpg,Template-Free,TEMPLATELESS,5,5
sample_0724.jpg,iceberg,TEMPLATE,5,5
sample_0725.jpg,Template-Free,TEMPLATELESS,5,3
sample_0726.jpg,Non-Meme,NON_MEME,5,5
sample_0727.jpg,Template-Free,TEMPLATELESS,5,5
sample_0728.jpg,Template-Free,TEMPLATELESS,5,3
sample_0729.jpg,Template-Free,TEMPLATELESS,5,5
sample_0730.jpg,Non-Meme,NON_MEME,5,5
sample_0731.jpg,Template-Free,TEMPLATELESS,5,4
sample_0732.jpg,Template-Free,TEMPLATELESS,5,5
sample_0733.jpg,Template-Free,TEMPLATELESS,5,5
sample_0734.jpg,Template-Free,TEMPLATELESS,5,4
sample_0735.jpg,heaven,TEMPLATE,5,3
sample_0736.jpg,panik-kalm-panik,TEMPLATE,5,5
sample_0737.jpg,Template-Free,TEMPLATELESS,5,5
sample_0738.jpg,spongebob_hype_stand,TEMPLATE,5,5
sample_0739.jpg,Non-Meme,NON_MEME,5,5
sample_0740.jpg,Template-Free,TEMPLATELESS,5,5
sample_0741.jpg,Template-Free,TEMPLATELESS,5,5
sample_0742.jpg,Non-Meme,NON_MEME,5,4
sample_0743.jpg,society-if,TEMPLATE,5,5
sample_0744.jpg,Template-Free,TEMPLATELESS,5,5
sample_0745.jpg,Non-Meme,NON_MEME,5,5
sample_0746.jpg,Template-Free,TEMPLATELESS,5,5
sample_0747.jpg,Template-Free,TEMPLATELESS,5,3
sample_0748.jpg,Template-Free,TEMPLATELESS,5,5
sample_0749.jpg,floating-boy-chasing-running-boy,TEMPLATE,5,4
sample_0750.jpg,Template-Free,TEMPLATELESS,5,5
sample_0751.jpg,Template-Free,TEMPLATELESS,5,4
sample_0752.jpg,Template-Free,TEMPLATELESS,5,5
sample_0753.jpg,Template-Free,TEMPLATELESS,5,5
sample_0754.jpg,a-ustedes-les-pagan,TEMPLATE,5,5
sample_0755.jpg,Template-Free,TEMPLATELESS,5,5
sample_0756.jpg,Non-Meme,NON_MEME,5,5
sample_0757.jpg,Template-Free,TEMPLATELESS,5,5
sample_0758.jpg,Template-Free,TEMPLATELESS,5,5
sample_0759.jpg,Template-Free,TEMPLATELESS,5,4
sample_0760.jpg,Template-Free,TEMPLATELESS,5,5
sample_0761.jpg,tuxedo-winnie-the-pooh,TEMPLATE,5,5
sample_0762.jpg,blinking-guy,TEMPLATE,5,5
sample_0763.jpg,Template-Free,TEMPLATELESS,5,3
sample_0764.jpg,rpg-fan,TEMPLATE,5,5
sample_0765.jpg,Non-Meme,NON_MEME,5,5
sample_0766.jpg,Template-Free,TEMPLATELESS,5,5
sample_0767.jpg,Template-Free,TEMPLATELESS,5,4
sample_0768.jpg,skeletor-disturbing-facts,TEMPLATE,5,4
sample_0769.jpg,Non-Meme,NON_MEME,5,5
sample_0770.jpg,Template-Free,TEMPLATELESS,5,3
sample_0771.jpg,Non-Meme,NON_MEME,5,5
sample_0772.jpg,la-vieja-confiable,TEMPLATE,5,5
sample_0773.jpg,Non-Meme,NON_MEME,5,4
sample_0774.jpg,Template-Free,TEMPLATELESS,5,5
sample_0775.jpg,Template-Free,TEMPLATELESS,5,3
sample_0776.jpg,damn-got-hands,TEMPLATE,5,5
sample_0777.jpg,Non-Meme,NON_MEME,5,3
sample_0778.jpg,Non-Meme,NON_MEME,5,5
sample_0779.jpg,Template-Free,TEMPLATELESS,5,5
sample_0780.jpg,Template-Free,TEMPLATELESS,5,5
sample_0781.jpg,Template-Free,TEMPLATELESS,5,5
sample_0782.jpg,drake_hotline_bling_normal,TEMPLATE,5,5
sample_0783.jpg,Non-Meme,NON_MEME,5,5
sample_0784.jpg,Non-Meme,NON_MEME,5,5
sample_0785.jpg,Template-Free,TEMPLATELESS,5,5
sample_0786.jpg,obama-medal,TEMPLATE,5,5
sample_0787.jpg,staring-fish,TEMPLATE,5,5
sample_0788.jpg,angry_turkish_man_playing_cards_meme,TEMPLATE,5,5
sample_0789.jpg,stonks,TEMPLATE,5,5
sample_0790.jpg,Non-Meme,NON_MEME,5,4
sample_0791.jpg,Non-Meme,NON_MEME,5,4
sample_0792.jpg,expanding-brain,TEMPLATE,5,5
sample_0793.jpg,Non-Meme,NON_MEME,5,5
sample_0794.jpg,Template-Free,TEMPLATELESS,5,5
sample_0795.jpg,Template-Free,TEMPLATELESS,5,5
sample_0796.jpg,you-wouldnt-get-it,TEMPLATE,5,5
sample_0797.jpg,Non-Meme,NON_MEME,5,5
sample_0798.jpg,Template-Free,TEMPLATELESS,5,5
sample_0799.jpg,Template-Free,TEMPLATELESS,5,5
sample_0800.jpg,Template-Free,TEMPLATELESS,5,5
sample_0801.jpg,Template-Free,TEMPLATELESS,5,4
sample_0802.jpg,Template-Free,TEMPLATELESS,5,5
sample_0803.jpg,Template-Free,TEMPLATELESS,5,5
sample_0804.jpg,Template-Free,TEMPLATELESS,5,5
sample_0805.jpg,Non-Meme,NON_MEME,5,5
sample_0806.jpg,Template-Free,TEMPLATELESS,5,5
sample_0807.jpg,Template-Free,TEMPLATELESS,5,4
sample_0808.jpg,Template-Free,TEMPLATELESS,5,4
sample_0809.jpg,Template-Free,TEMPLATELESS,5,5
sample_0810.jpg,Non-Meme,NON_MEME,5,4
sample_0811.jpg,Non-Meme,NON_MEME,5,5
sample_0812.jpg,Non-Meme,NON_MEME,5,4
sample_0813.jpg,genie_rules_meme,TEMPLATE,5,5
sample_0814.jpg,Template-Free,TEMPLATELESS,5,5
sample_0815.jpg,Template-Free,TEMPLATELESS,5,3
sample_0816.jpg,Template-Free,TEMPLATELESS,5,5
sample_0817.jpg,Template-Free,TEMPLATELESS,5,3
sample_0818.jpg,Non-Meme,NON_MEME,5,4
sample_0819.jpg,unsettled-tom,TEMPLATE,5,5
sample_0820.jpg,Template-Free,TEMPLATELESS,5,3
sample_0821.jpg,Template-Free,TEMPLATELESS,5,4
sample_0822.jpg,Non-Meme,NON_MEME,5,5
sample_0823.jpg,Non-Meme,NON_MEME,5,4
sample_0824.jpg,lisa-simpsons-presentation,TEMPLATE,5,5
sample_0825.jpg,Template-Free,TEMPLATELESS,5,5
sample_0826.jpg,Non-Meme,NON_MEME,5,5
sample_0827.jpg,Template-Free,TEMPLATELESS,5,5
sample_0828.jpg,the_daily_struggle,TEMPLATE,5,5
sample_0829.jpg,Template-Free,TEMPLATELESS,5,5
sample_0830.jpg,left-exit-12-off-ramp,TEMPLATE,5,5
sample_0831.jpg,Template-Free,TEMPLATELESS,5,5
sample_0832.jpg,Non-Meme,NON_MEME,5,4
sample_0833.jpg,s06_grus_plan_four_five_panel,TEMPLATE,5,5
sample_0834.jpg,Template-Free,TEMPLATELESS,5,5
sample_0835.jpg,Template-Free,TEMPLATELESS,5,5
sample_0836.jpg,Template-Free,TEMPLATELESS,5,5
sample_0837.jpg,Template-Free,TEMPLATELESS,5,5
sample_0838.jpg,Template-Free,TEMPLATELESS,5,3
sample_0839.jpg,Template-Free,TEMPLATELESS,5,4
sample_0840.jpg,Template-Free,TEMPLATELESS,5,5
sample_0841.jpg,Template-Free,TEMPLATELESS,5,5
sample_0842.jpg,black-guy-crying-and-black-guy-laughing,TEMPLATE,5,5
sample_0843.jpg,Template-Free,TEMPLATELESS,5,5
sample_0844.jpg,Template-Free,TEMPLATELESS,5,5
sample_0845.jpg,Non-Meme,NON_MEME,5,5
sample_0846.jpg,Non-Meme,NON_MEME,5,5
sample_0847.jpg,Non-Meme,NON_MEME,5,3
sample_0848.jpg,Template-Free,TEMPLATELESS,5,4
sample_0849.jpg,Template-Free,TEMPLATELESS,5,5
sample_0850.jpg,you-wouldnt-get-it,TEMPLATE,5,5
sample_0851.jpg,Template-Free,TEMPLATELESS,5,4
sample_0852.jpg,Non-Meme,NON_MEME,5,5
sample_0853.jpg,elmo-cocaine,TEMPLATE,5,5
sample_0854.jpg,Non-Meme,NON_MEME,5,5
sample_0855.jpg,Non-Meme,NON_MEME,5,5
sample_0856.jpg,Template-Free,TEMPLATELESS,5,5
sample_0857.jpg,Template-Free,TEMPLATELESS,5,5
sample_0858.jpg,Template-Free,TEMPLATELESS,5,3
sample_0859.jpg,thinking-black-guy,TEMPLATE,5,5
sample_0860.jpg,Template-Free,TEMPLATELESS,5,5
sample_0861.jpg,shocked-black-guy,TEMPLATE,5,5
sample_0862.jpg,Template-Free,TEMPLATELESS,5,4
sample_0863.jpg,Template-Free,TEMPLATELESS,5,5
sample_0864.jpg,all_right_then_keep_your_secrets,TEMPLATE,5,4
sample_0865.jpg,Template-Free,TEMPLATELESS,5,4
sample_0866.jpg,Template-Free,TEMPLATELESS,5,5
sample_0867.jpg,Template-Free,TEMPLATELESS,5,4
sample_0868.jpg,Non-Meme,NON_MEME,5,5
sample_0869.jpg,write_that_down,TEMPLATE,5,4
sample_0870.jpg,tuxedo-winnie-the-pooh-3-panel,TEMPLATE,5,5
sample_0871.jpg,Template-Free,TEMPLATELESS,5,5
sample_0872.jpg,Template-Free,TEMPLATELESS,5,4
sample_0873.jpg,Template-Free,TEMPLATELESS,5,5
sample_0874.jpg,mr-incredible-uncanny,TEMPLATE,5,3
sample_0875.jpg,Template-Free,TEMPLATELESS,5,5
sample_0876.jpg,Non-Meme,NON_MEME,5,5
sample_0877.jpg,Template-Free,TEMPLATELESS,5,4
sample_0878.jpg,Non-Meme,NON_MEME,5,5
sample_0879.jpg,doge,TEMPLATE,5,5
sample_0880.jpg,Non-Meme,NON_MEME,5,4
sample_0881.jpg,Template-Free,TEMPLATELESS,5,5
sample_0882.jpg,Non-Meme,NON_MEME,5,5
sample_0883.jpg,Non-Meme,NON_MEME,5,5
sample_0884.jpg,guess-ill-die,TEMPLATE,5,5
sample_0885.jpg,Non-Meme,NON_MEME,5,5
sample_0886.jpg,Template-Free,TEMPLATELESS,5,5
sample_0887.jpg,Template-Free,TEMPLATELESS,5,4
sample_0888.jpg,monkey-looking-away,TEMPLATE,5,5
sample_0889.jpg,Template-Free,TEMPLATELESS,5,5
sample_0890.jpg,ah-shit-here-we-go-again,TEMPLATE,5,3
sample_0891.jpg,Template-Free,TEMPLATELESS,5,5
sample_0892.jpg,Template-Free,TEMPLATELESS,5,5
sample_0893.jpg,Template-Free,TEMPLATELESS,5,5
sample_0894.jpg,Template-Free,TEMPLATELESS,5,4
sample_0895.jpg,Template-Free,TEMPLATELESS,5,5
sample_0896.jpg,Template-Free,TEMPLATELESS,5,5
sample_0897.jpg,Template-Free,TEMPLATELESS,5,4
sample_0898.jpg,Template-Free,TEMPLATELESS,5,5
sample_0899.jpg,Template-Free,TEMPLATELESS,5,4
sample_0900.jpg,hard-to-swallow-pills,TEMPLATE,5,5
sample_0901.jpg,fuze-elbow-dropping-a-hostage,TEMPLATE,5,5
sample_0902.jpg,spiderman-presentation,TEMPLATE,5,5
sample_0903.jpg,Template-Free,TEMPLATELESS,5,5
sample_0904.jpg,surprised-pikachu,TEMPLATE,5,5
sample_0905.jpg,Template-Free,TEMPLATELESS,5,3
sample_0906.jpg,Template-Free,TEMPLATELESS,5,5
sample_0907.jpg,Template-Free,TEMPLATELESS,5,5
sample_0908.jpg,laughing-leo,TEMPLATE,5,5
sample_0909.jpg,Template-Free,TEMPLATELESS,5,5
sample_0910.jpg,Template-Free,TEMPLATELESS,5,2
sample_0911.jpg,Template-Free,TEMPLATELESS,5,4
sample_0912.jpg,panzer-of-the-lake,TEMPLATE,5,5
sample_0913.jpg,Template-Free,TEMPLATELESS,5,4
sample_0914.jpg,Non-Meme,NON_MEME,5,3
sample_0915.jpg,Template-Free,TEMPLATELESS,5,3
sample_0916.jpg,Template-Free,TEMPLATELESS,5,4
sample_0917.jpg,Template-Free,TEMPLATELESS,5,4
sample_0918.jpg,Non-Meme,NON_MEME,5,5
sample_0919.jpg,Template-Free,TEMPLATELESS,5,5
sample_0920.jpg,Template-Free,TEMPLATELESS,5,5
sample_0921.jpg,Template-Free,TEMPLATELESS,5,5
sample_0922.jpg,Non-Meme,NON_MEME,5,4
sample_0923.jpg,Template-Free,TEMPLATELESS,5,5
sample_0924.jpg,Template-Free,TEMPLATELESS,5,5
sample_0925.jpg,no_i_dont_think_i_will,TEMPLATE,5,5
sample_0926.jpg,Template-Free,TEMPLATELESS,5,5
sample_0927.jpg,Template-Free,TEMPLATELESS,5,5
sample_0928.jpg,Template-Free,TEMPLATELESS,5,5
sample_0929.jpg,Template-Free,TEMPLATELESS,5,3
sample_0930.jpg,Template-Free,TEMPLATELESS,5,3
sample_0931.jpg,Template-Free,TEMPLATELESS,5,3
sample_0932.jpg,Template-Free,TEMPLATELESS,5,5
sample_0933.jpg,Template-Free,TEMPLATELESS,5,5
sample_0934.jpg,my-time-has-come,TEMPLATE,5,5
sample_0935.jpg,jackie-chan-wtf,TEMPLATE,5,5
sample_0936.jpg,Non-Meme,NON_MEME,5,4
sample_0937.jpg,Non-Meme,NON_MEME,5,5
sample_0938.jpg,Template-Free,TEMPLATELESS,5,5
sample_0939.jpg,Template-Free,TEMPLATELESS,5,5
sample_0940.jpg,Non-Meme,NON_MEME,5,5
sample_0941.jpg,Template-Free,TEMPLATELESS,5,5
sample_0942.jpg,Template-Free,TEMPLATELESS,5,4
sample_0943.jpg,Template-Free,TEMPLATELESS,5,5
sample_0944.jpg,Template-Free,TEMPLATELESS,5,5
sample_0945.jpg,Template-Free,TEMPLATELESS,5,5
sample_0946.jpg,Template-Free,TEMPLATELESS,5,5
sample_0947.jpg,gigachad,TEMPLATE,5,4
sample_0948.jpg,Non-Meme,NON_MEME,5,3
sample_0949.jpg,Template-Free,TEMPLATELESS,5,5
sample_0950.jpg,Non-Meme,NON_MEME,5,5
sample_0951.jpg,Template-Free,TEMPLATELESS,5,5
sample_0952.jpg,Template-Free,TEMPLATELESS,5,5
sample_0953.jpg,startrek,TEMPLATE,5,4
sample_0954.jpg,Template-Free,TEMPLATELESS,5,4
sample_0955.jpg,Non-Meme,NON_MEME,5,5
sample_0956.jpg,crying_kid_with_gun,TEMPLATE,5,5
sample_0957.jpg,what-do-we-want,TEMPLATE,5,5
sample_0958.jpg,Template-Free,TEMPLATELESS,5,5
sample_0959.jpg,Non-Meme,NON_MEME,5,5
sample_0960.jpg,Template-Free,TEMPLATELESS,5,4
sample_0961.jpg,Non-Meme,NON_MEME,5,4
sample_0962.jpg,lisa-simpsons-presentation,TEMPLATE,5,5
sample_0963.jpg,Non-Meme,NON_MEME,5,5
sample_0964.jpg,monkey-looking-away,TEMPLATE,5,5
sample_0965.jpg,Template-Free,TEMPLATELESS,5,5
sample_0966.jpg,Template-Free,TEMPLATELESS,5,4
sample_0967.jpg,Template-Free,TEMPLATELESS,5,5
sample_0968.jpg,Template-Free,TEMPLATELESS,5,5
sample_0969.jpg,Template-Free,TEMPLATELESS,5,5
sample_0970.jpg,you-wouldnt-get-it,TEMPLATE,5,5
sample_0971.jpg,drake_hotline_bling_normal,TEMPLATE,5,5
sample_0972.jpg,Template-Free,TEMPLATELESS,5,4
sample_0973.jpg,Template-Free,TEMPLATELESS,5,5
sample_0974.jpg,Non-Meme,NON_MEME,5,4
sample_0975.jpg,Non-Meme,NON_MEME,5,4
sample_0976.jpg,Template-Free,TEMPLATELESS,5,3
sample_0977.jpg,Template-Free,TEMPLATELESS,5,5
sample_0978.jpg,Non-Meme,NON_MEME,5,4
sample_0979.jpg,Template-Free,TEMPLATELESS,5,5
sample_0980.jpg,Template-Free,TEMPLATELESS,5,5
sample_0981.jpg,Non-Meme,NON_MEME,5,5
sample_0982.jpg,Template-Free,TEMPLATELESS,5,5
sample_0983.jpg,Template-Free,TEMPLATELESS,5,5
sample_0984.jpg,Template-Free,TEMPLATELESS,5,5
sample_0985.jpg,Non-Meme,NON_MEME,5,5
sample_0986.jpg,ah-shit-here-we-go-again,TEMPLATE,5,5
sample_0987.jpg,Template-Free,TEMPLATELESS,5,4
sample_0988.jpg,Template-Free,TEMPLATELESS,5,5
sample_0989.jpg,Template-Free,TEMPLATELESS,5,5
sample_0990.jpg,Non-Meme,NON_MEME,5,5
sample_0991.jpg,Template-Free,TEMPLATELESS,5,5
sample_0992.jpg,Template-Free,TEMPLATELESS,5,5
sample_0993.jpg,Non-Meme,NON_MEME,5,3
sample_0994.jpg,idiot-skull,TEMPLATE,5,5
sample_0995.jpg,Template-Free,TEMPLATELESS,5,5
sample_0996.jpg,Template-Free,TEMPLATELESS,5,5
sample_0997.jpg,Template-Free,TEMPLATELESS,5,5
sample_0998.jpg,Template-Free,TEMPLATELESS,5,4
sample_0999.jpg,Non-Meme,NON_MEME,5,5
sample_1000.jpg,Template-Free,TEMPLATELESS,5,5
